/*
 Navicat Premium Data Transfer

 Source Server         : MySQL
 Source Server Type    : MySQL
 Source Server Version : 50721
 Source Host           : localhost:3306
 Source Schema         : bookmanager

 Target Server Type    : MySQL
 Target Server Version : 50721
 File Encoding         : 65001

 Date: 20/05/2018 23:04:20
*/

SET NAMES utf8mb4;
SET FOREIGN_KEY_CHECKS = 0;

-- ----------------------------
-- Table structure for book
-- ----------------------------
DROP TABLE IF EXISTS `book`;
CREATE TABLE `book`  (
  `id` int(11) NOT NULL AUTO_INCREMENT,
  `book_id` char(13) CHARACTER SET utf8 COLLATE utf8_general_ci NOT NULL,
  `title` varchar(50) CHARACTER SET utf8 COLLATE utf8_general_ci NOT NULL,
  `origin_title` varchar(100) CHARACTER SET utf8 COLLATE utf8_general_ci NULL DEFAULT NULL,
  `author` varchar(50) CHARACTER SET utf8 COLLATE utf8_general_ci NOT NULL,
  `author_info` text CHARACTER SET utf8 COLLATE utf8_general_ci NOT NULL,
  `publish` varchar(50) CHARACTER SET utf8 COLLATE utf8_general_ci NOT NULL,
  `price` decimal(10, 2) NOT NULL,
  `summary` text CHARACTER SET utf8 COLLATE utf8_general_ci NOT NULL,
  `status` int(1) NOT NULL,
  `sort_id` int(3) NOT NULL,
  `cover_url` text CHARACTER SET utf8 COLLATE utf8_general_ci NOT NULL,
  `isbn` char(13) CHARACTER SET utf8 COLLATE utf8_general_ci NOT NULL,
  `pubdate` varchar(20) CHARACTER SET utf8 COLLATE utf8_general_ci NOT NULL,
  `pages` int(5) NOT NULL,
  `binding` varchar(25) CHARACTER SET utf8 COLLATE utf8_general_ci NOT NULL,
  `average` varchar(5) CHARACTER SET utf8 COLLATE utf8_general_ci NOT NULL,
  `numRaters` varchar(10) CHARACTER SET utf8 COLLATE utf8_general_ci NOT NULL,
  PRIMARY KEY (`id`) USING BTREE,
  INDEX `sort_id`(`sort_id`) USING BTREE,
  INDEX `book_id`(`book_id`) USING BTREE,
  CONSTRAINT `book_ibfk_1` FOREIGN KEY (`sort_id`) REFERENCES `sort` (`sort_id`) ON DELETE RESTRICT ON UPDATE RESTRICT
) ENGINE = InnoDB AUTO_INCREMENT = 127 CHARACTER SET = utf8 COLLATE = utf8_general_ci ROW_FORMAT = Dynamic;

-- ----------------------------
-- Records of book
-- ----------------------------
INSERT INTO `book` VALUES (1, 'Z1148283', '计算机程序的构造和解释', 'Structure and Interpretation of Computer Programs', 'Harold Abelson', 'Harold Abelson是MIT1992年度MacVicarFacultyFellow。Gerald JaySussman是Matsushita电子工程教授。他们都在MIT电子工程和计算机科学系工作．都得到过最重要的计算机科学教育奖：如Abelson得到了IEEE计算机学会的Booth奖。Sussman得到了ACM的Karlstrom奖。\nJulie Sussman是作家和编辑，同时使用自然语言和计算机语言写作。', '机械工业出版社', 45.00, '《计算机程序的构造和解释(原书第2版)》1984年出版，成型于美国麻省理工学院(MIT)多年使用的一本教材，1996年修订为第2版。在过去的二十多年里，《计算机程序的构造和解释(原书第2版)》对于计算机科学的教育计划产生了深刻的影响。第2版中大部分重要程序设计系统都重新修改并做过测试，包括各种解释器和编译器。作者根据其后十余年的教学实践，还对其他许多细节做了相应的修改。\n\n海报：', 0, 1, 'https://img3.doubanio.com/view/subject/m/public/s1113106.jpg', '9787111135104', '2004-2', 473, '平装', '9.5', '1904');
INSERT INTO `book` VALUES (2, 'Z1885171', '算法导论（原书第2版）', 'Introduction to Algorithms', '[美] Thomas H.Cormen', 'Thomas H.Cormen\n达特茅斯学院计算机科学系副教授\nCharles E.Leiserson\n麻省理工学院计算机科学与电气工程系教授\nRonald L.Rivest\n麻省理工学院计算机科学系Andrew与Erna Viterbi具名教授\nClifford Stein\n哥伦比亚大学工业工程与运筹学副教授', '机械工业出版社', 85.00, '这本书深入浅出，全面地介绍了计算机算法。对每一个算法的分析既易于理解又十分有趣，并保持了数学严谨性。本书的设计目标全面，适用于多种用途。涵盖的内容有：算法在计算中的作用，概率分析和随机算法的介绍。书中专门讨论了线性规划，介绍了动态规划的两个应用，随机化和线性规划技术的近似算法等，还有有关递归求解、快速排序中用到的划分方法与期望线性时间顺序统计算法，以及对贪心算法元素的讨论。此书还介绍了对强连通子图算法正确性的证明，对哈密顿回路和子集求和问题的NP完全性的证明等内容。全书提供了900多个练习题和思考题以及叙述较为详细的实例研究。', 0, 1, 'https://img1.doubanio.com/view/subject/m/public/s1959967.jpg', '9787111187776', '2006-9', 754, '平装', '9.3', '4728');
INSERT INTO `book` VALUES (3, 'Z1148284', '计算机程序的构造和解释', 'Structure and Interpretation of Computer Programs', 'Harold Abelson', 'Harold Abelson是MIT1992年度MacVicarFacultyFellow。Gerald JaySussman是Matsushita电子工程教授。他们都在MIT电子工程和计算机科学系工作．都得到过最重要的计算机科学教育奖：如Abelson得到了IEEE计算机学会的Booth奖。Sussman得到了ACM的Karlstrom奖。\nJulie Sussman是作家和编辑，同时使用自然语言和计算机语言写作。', '机械工业出版社', 45.00, '《计算机程序的构造和解释(原书第2版)》1984年出版，成型于美国麻省理工学院(MIT)多年使用的一本教材，1996年修订为第2版。在过去的二十多年里，《计算机程序的构造和解释(原书第2版)》对于计算机科学的教育计划产生了深刻的影响。第2版中大部分重要程序设计系统都重新修改并做过测试，包括各种解释器和编译器。作者根据其后十余年的教学实践，还对其他许多细节做了相应的修改。\n\n海报：', 0, 1, 'https://img3.doubanio.com/view/subject/m/public/s1113106.jpg', '9787111135104', '2004-2', 473, '平装', '9.5', '1904');
INSERT INTO `book` VALUES (4, 'Z1885172', '算法导论（原书第2版）', 'Introduction to Algorithms', '[美] Thomas H.Cormen', 'Thomas H.Cormen\n达特茅斯学院计算机科学系副教授\nCharles E.Leiserson\n麻省理工学院计算机科学与电气工程系教授\nRonald L.Rivest\n麻省理工学院计算机科学系Andrew与Erna Viterbi具名教授\nClifford Stein\n哥伦比亚大学工业工程与运筹学副教授', '机械工业出版社', 85.00, '这本书深入浅出，全面地介绍了计算机算法。对每一个算法的分析既易于理解又十分有趣，并保持了数学严谨性。本书的设计目标全面，适用于多种用途。涵盖的内容有：算法在计算中的作用，概率分析和随机算法的介绍。书中专门讨论了线性规划，介绍了动态规划的两个应用，随机化和线性规划技术的近似算法等，还有有关递归求解、快速排序中用到的划分方法与期望线性时间顺序统计算法，以及对贪心算法元素的讨论。此书还介绍了对强连通子图算法正确性的证明，对哈密顿回路和子集求和问题的NP完全性的证明等内容。全书提供了900多个练习题和思考题以及叙述较为详细的实例研究。', 1, 1, 'https://img1.doubanio.com/view/subject/m/public/s1959967.jpg', '9787111187776', '2006-9', 754, '平装', '9.3', '4728');
INSERT INTO `book` VALUES (5, 'Z1139337', 'C程序设计语言', 'The C Programming Language', '（美）Brian W. Kernighan', 'Brian W. Kernighan： 贝尔实验室计算科学研究中心高级研究人员，著名的计算机科学家。他参加了UNIX系统、C语言、AWK语言和许多其他系统的开发，同时出版了许多在计算机领域具有影响的著作，如《The Elements of Programming Style》、《The Practice of Programming》、《The UNIX Programming Environment》、《The AWK Language》、《Software Tools》等。\nDennis M. Ritchie：1967年加入贝尔实验室。他和Ken L. Thompson两人共同设计并实现的C语言改变了程序设计语言发展的轨迹，是程序设计语言发展过程中的一个重要里程碑。与此同时，他们两人还设计并实现了UNIX操作系统。正是由于这两项巨大贡献，Dennis M. Ritchie于1983年获得了计算机界的最高奖——图灵奖。此外，他还获得了ACM、IEEE、贝尔实验室等授予的多种奖项.。', '机械工业出版社', 30.00, '在计算机发展的历史上，没有哪一种程序设计语言像C语言这样应用广泛。本书原著即为C语言的设计者之一Dennis M.Ritchie和著名计算机科学家Brian W.Kernighan合著的一本介绍C语言的权威经典著作。我们现在见到的大量论述C语言程序设计的教材和专著均以此书为蓝本。原著第1版中介绍的C语言成为后来广泛使用的C语言版本——标准C的基础。人们熟知的“hello,World\"程序就是由本书首次引入的，现在，这一程序已经成为众多程序设计语言入门的第一课。\n原著第2版根据1987年制定的ANSIC标准做了适当的修订．引入了最新的语言形式，并增加了新的示例，通过简洁的描述、典型的示例，作者全面、系统、准确地讲述了C语言的各个特性以及程序设计的基本方法。对于计算机从业人员来说，《C程序设计语言》是一本必读的程序设计语 言方面的参考书。', 0, 1, 'https://img3.doubanio.com/view/subject/m/public/s1106934.jpg', '9787111128069', '2004-1', 258, '平装', '9.4', '3952');
INSERT INTO `book` VALUES (6, 'Z1477391', '代码大全（第2版）', 'Code Complete', '[美] 史蒂夫·迈克康奈尔', '史蒂夫·迈克康奈尔（Steve McConnell）被公认为软件开发社区中的首要作者和发言人之一。他是Construx Software公司的首席软件工程师。他所编著的图书包括曾被《软件开发》杂志授予优异产品震撼大奖的《代码大全》和《快速软件开发》，以及《软件项目生存指南》和《专业软件开发》等等。', '电子工业出版社', 128.00, '第2版的《代码大全》是著名IT畅销书作者史蒂夫·迈克康奈尔11年前的经典著作的全新演绎：第2版不是第一版的简单修订增补，而是完全进行了重写；增加了很多与时俱进的内容。这也是一本完整的软件构建手册，涵盖了软件构建过程中的所有细节。它从软件质量和编程思想等方面论述了软件构建的各个问题，并详细论述了紧跟潮流的新技术、高屋建瓴的观点、通用的概念，还含有丰富而典型的程序示例。这本书中所论述的技术不仅填补了初级与高级编程技术之间的空白，而且也为程序员们提供了一个有关编程技巧的信息来源。这本书对经验丰富的程序员、技术带头人、自学的程序员及几乎不懂太多编程技巧的学生们都是大有裨益的。可以说，无论是什么背景的读者，阅读这本书都有助于在更短的时间内、更容易地写出更好的程序。', 0, 1, 'https://img1.doubanio.com/view/subject/m/public/s1495029.jpg', '9787121022982', '2006-3', 944, '平装', '9.3', '3423');
INSERT INTO `book` VALUES (7, 'Z6021441', '黑客与画家', 'Hackers and Painters: Big Ideas from the Computer Age', '[美] Paul Graham', '保罗•格雷厄姆，《黑客与画家》一书的作者，硅谷创业之父。1964年，出生于匹兹堡郊区的一个中产阶级家庭。父亲是设计核反应堆的物理学家，母亲在家照看他和他的妹妹。青少年时代，格雷厄姆就开始编程。但是，他还喜欢许多与计算机无关的东西，这在编程高手之中是很少见的。\n保罗•格雷厄姆在康奈尔大学读完本科，然后在哈佛大学获得计算机科学博士学位。1995年，他创办了Viaweb，帮助个人用户在网上开店，这是世界上第一个互联网应用程序。1998年夏天，Yahoo!公司收购了Viaweb，收购价约为5000万美元。\n此后，他架起了个人网站paulgraham.com，在上面撰写了许许多多关于软件和创业的文章，以深刻的见解和清晰的表达而著称，迅速引起了轰动。2005年，他身体力行，创建了风险投资公司Y Combinator，将自己的理论转化为实践，目前已经资助了80多家创业公司。现在，他是公认的互联网创业权威。', '人民邮电出版社', 49.00, '本书是硅谷创业之父Paul Graham 的文集，主要介绍黑客即优秀程序员的爱好和动机，讨论黑客成长、黑客对世界的贡献以及编程语言和黑客工作方法等所有对计算机时代感兴趣的人的一些话题。书中的内容不但有助于了解计算机编程的本质、互联网行业的规则，还会帮助读者了解我们这个时代，迫使读者独立思考。\n本书适合所有程序员和互联网创业者，也适合一切对计算机行业感兴趣的读者。', 1, 1, 'https://img3.doubanio.com/view/subject/m/public/s4669554.jpg', '9787115249494', '2011-4', 264, '平装', '8.8', '14748');
INSERT INTO `book` VALUES (8, 'Z3227099', '编程珠玑', 'Programming Pearls Second Edition', 'Jon Bentley', 'Jon Bentley 世界著名计算机科学家，被誉为影响算法发展的十位大师之一。他先后任职于卡内基-梅隆大学（1976~1982）、贝尔实验室（1982~2001）和Avaya实验室（2001年至今）。在卡内基-梅隆大学担任教授期间，他培养了包括Tcl语言设计者John Ousterhout、Java语言设计者James Gosling、《算法导论》作者之一Charles Leiserson在内的许多计算机科学大家。2004年荣获Dr.Dobb\'s程序设计卓越奖。', '人民邮电出版社', 39.00, '本书是计算机科学方面的经典名著。书的内容围绕程序设计人员面对的一系列实际问题展开。作者Jon Bentley 以其独有的洞察力和创造力，引导读者理解这些问题并学会解决方法，而这些正是程序员实际编程生涯中至关重要的。本书的特色是通过一些精心设计的有趣而又颇具指导意义的程序，对实用程序设计技巧及基本设计原则进行了透彻而睿智的描述，为复杂的编程问题提供了清晰而完备的解决思路。本书对各个层次的程序员都具有很高的阅读价值。.\n多年以来，当程序员们推选出最心爱的计算机图书时，《编程珠玑》总是位列前列。正如自然界里珍珠出自细沙对牡蛎的磨砺，计算机科学大师Jon Bentley以其独有的洞察力和创造力，从磨砺程序员的实际问题中凝结出一篇篇不朽的编程“珠玑”，成为世界计算机界名刊《ACM通讯》历史上最受欢迎的专栏，最终结集为两部不朽的计算机科学经典名著，影响和激励着一代又一代程序员和计算机科学工作者。本书为第一卷，主要讨论计算机科学中最本质的问题：如何正确选择和高效地实现算法。..\n在书中，作者选取许多具有典型意义的复杂编程和算法问题，生动描绘了历史上众大师们在探索解决方案中发生的轶事、走过的弯路和不断精益求精的历程，引导读者像真正的程序员和软件工程师那样富于创新性地思考，并透彻阐述和总结了许多独特而精妙的设计原则、思考和解决问题的方法以及实用程序设计技巧。解决方案的代码均以C/C++语言编写，不仅有趣，而且有很大的实战示范意义。每章后所附习题极具挑战性和启发性，书末给出了简洁的解答。...', 0, 1, 'https://img3.doubanio.com/view/subject/m/public/s4687321.jpg', '9787115179289', '2008-10', 228, '平装', '9.1', '1856');
INSERT INTO `book` VALUES (9, 'Z1885173', '算法导论（原书第2版）', 'Introduction to Algorithms', '[美] Thomas H.Cormen', 'Thomas H.Cormen\n达特茅斯学院计算机科学系副教授\nCharles E.Leiserson\n麻省理工学院计算机科学与电气工程系教授\nRonald L.Rivest\n麻省理工学院计算机科学系Andrew与Erna Viterbi具名教授\nClifford Stein\n哥伦比亚大学工业工程与运筹学副教授', '机械工业出版社', 85.00, '这本书深入浅出，全面地介绍了计算机算法。对每一个算法的分析既易于理解又十分有趣，并保持了数学严谨性。本书的设计目标全面，适用于多种用途。涵盖的内容有：算法在计算中的作用，概率分析和随机算法的介绍。书中专门讨论了线性规划，介绍了动态规划的两个应用，随机化和线性规划技术的近似算法等，还有有关递归求解、快速排序中用到的划分方法与期望线性时间顺序统计算法，以及对贪心算法元素的讨论。此书还介绍了对强连通子图算法正确性的证明，对哈密顿回路和子集求和问题的NP完全性的证明等内容。全书提供了900多个练习题和思考题以及叙述较为详细的实例研究。', 0, 1, 'https://img1.doubanio.com/view/subject/m/public/s1959967.jpg', '9787111187776', '2006-9', 754, '平装', '9.3', '4728');
INSERT INTO `book` VALUES (10, 'Z3227100', '编程珠玑', 'Programming Pearls Second Edition', 'Jon Bentley', 'Jon Bentley 世界著名计算机科学家，被誉为影响算法发展的十位大师之一。他先后任职于卡内基-梅隆大学（1976~1982）、贝尔实验室（1982~2001）和Avaya实验室（2001年至今）。在卡内基-梅隆大学担任教授期间，他培养了包括Tcl语言设计者John Ousterhout、Java语言设计者James Gosling、《算法导论》作者之一Charles Leiserson在内的许多计算机科学大家。2004年荣获Dr.Dobb\'s程序设计卓越奖。', '人民邮电出版社', 39.00, '本书是计算机科学方面的经典名著。书的内容围绕程序设计人员面对的一系列实际问题展开。作者Jon Bentley 以其独有的洞察力和创造力，引导读者理解这些问题并学会解决方法，而这些正是程序员实际编程生涯中至关重要的。本书的特色是通过一些精心设计的有趣而又颇具指导意义的程序，对实用程序设计技巧及基本设计原则进行了透彻而睿智的描述，为复杂的编程问题提供了清晰而完备的解决思路。本书对各个层次的程序员都具有很高的阅读价值。.\n多年以来，当程序员们推选出最心爱的计算机图书时，《编程珠玑》总是位列前列。正如自然界里珍珠出自细沙对牡蛎的磨砺，计算机科学大师Jon Bentley以其独有的洞察力和创造力，从磨砺程序员的实际问题中凝结出一篇篇不朽的编程“珠玑”，成为世界计算机界名刊《ACM通讯》历史上最受欢迎的专栏，最终结集为两部不朽的计算机科学经典名著，影响和激励着一代又一代程序员和计算机科学工作者。本书为第一卷，主要讨论计算机科学中最本质的问题：如何正确选择和高效地实现算法。..\n在书中，作者选取许多具有典型意义的复杂编程和算法问题，生动描绘了历史上众大师们在探索解决方案中发生的轶事、走过的弯路和不断精益求精的历程，引导读者像真正的程序员和软件工程师那样富于创新性地思考，并透彻阐述和总结了许多独特而精妙的设计原则、思考和解决问题的方法以及实用程序设计技巧。解决方案的代码均以C/C++语言编写，不仅有趣，而且有很大的实战示范意义。每章后所附习题极具挑战性和启发性，书末给出了简洁的解答。...', 0, 1, 'https://img3.doubanio.com/view/subject/m/public/s4687321.jpg', '9787115179289', '2008-10', 228, '平装', '9.1', '1856');
INSERT INTO `book` VALUES (11, 'Z6021442', '黑客与画家', 'Hackers and Painters: Big Ideas from the Computer Age', '[美] Paul Graham', '保罗•格雷厄姆，《黑客与画家》一书的作者，硅谷创业之父。1964年，出生于匹兹堡郊区的一个中产阶级家庭。父亲是设计核反应堆的物理学家，母亲在家照看他和他的妹妹。青少年时代，格雷厄姆就开始编程。但是，他还喜欢许多与计算机无关的东西，这在编程高手之中是很少见的。\n保罗•格雷厄姆在康奈尔大学读完本科，然后在哈佛大学获得计算机科学博士学位。1995年，他创办了Viaweb，帮助个人用户在网上开店，这是世界上第一个互联网应用程序。1998年夏天，Yahoo!公司收购了Viaweb，收购价约为5000万美元。\n此后，他架起了个人网站paulgraham.com，在上面撰写了许许多多关于软件和创业的文章，以深刻的见解和清晰的表达而著称，迅速引起了轰动。2005年，他身体力行，创建了风险投资公司Y Combinator，将自己的理论转化为实践，目前已经资助了80多家创业公司。现在，他是公认的互联网创业权威。', '人民邮电出版社', 49.00, '本书是硅谷创业之父Paul Graham 的文集，主要介绍黑客即优秀程序员的爱好和动机，讨论黑客成长、黑客对世界的贡献以及编程语言和黑客工作方法等所有对计算机时代感兴趣的人的一些话题。书中的内容不但有助于了解计算机编程的本质、互联网行业的规则，还会帮助读者了解我们这个时代，迫使读者独立思考。\n本书适合所有程序员和互联网创业者，也适合一切对计算机行业感兴趣的读者。', 1, 1, 'https://img3.doubanio.com/view/subject/m/public/s4669554.jpg', '9787115249494', '2011-4', 264, '平装', '8.8', '14748');
INSERT INTO `book` VALUES (12, 'Z1477392', '代码大全（第2版）', 'Code Complete', '[美] 史蒂夫·迈克康奈尔', '史蒂夫·迈克康奈尔（Steve McConnell）被公认为软件开发社区中的首要作者和发言人之一。他是Construx Software公司的首席软件工程师。他所编著的图书包括曾被《软件开发》杂志授予优异产品震撼大奖的《代码大全》和《快速软件开发》，以及《软件项目生存指南》和《专业软件开发》等等。', '电子工业出版社', 128.00, '第2版的《代码大全》是著名IT畅销书作者史蒂夫·迈克康奈尔11年前的经典著作的全新演绎：第2版不是第一版的简单修订增补，而是完全进行了重写；增加了很多与时俱进的内容。这也是一本完整的软件构建手册，涵盖了软件构建过程中的所有细节。它从软件质量和编程思想等方面论述了软件构建的各个问题，并详细论述了紧跟潮流的新技术、高屋建瓴的观点、通用的概念，还含有丰富而典型的程序示例。这本书中所论述的技术不仅填补了初级与高级编程技术之间的空白，而且也为程序员们提供了一个有关编程技巧的信息来源。这本书对经验丰富的程序员、技术带头人、自学的程序员及几乎不懂太多编程技巧的学生们都是大有裨益的。可以说，无论是什么背景的读者，阅读这本书都有助于在更短的时间内、更容易地写出更好的程序。', 0, 1, 'https://img1.doubanio.com/view/subject/m/public/s1495029.jpg', '9787121022982', '2006-3', 944, '平装', '9.3', '3423');
INSERT INTO `book` VALUES (13, 'Z1139338', 'C程序设计语言', 'The C Programming Language', '（美）Brian W. Kernighan', 'Brian W. Kernighan： 贝尔实验室计算科学研究中心高级研究人员，著名的计算机科学家。他参加了UNIX系统、C语言、AWK语言和许多其他系统的开发，同时出版了许多在计算机领域具有影响的著作，如《The Elements of Programming Style》、《The Practice of Programming》、《The UNIX Programming Environment》、《The AWK Language》、《Software Tools》等。\nDennis M. Ritchie：1967年加入贝尔实验室。他和Ken L. Thompson两人共同设计并实现的C语言改变了程序设计语言发展的轨迹，是程序设计语言发展过程中的一个重要里程碑。与此同时，他们两人还设计并实现了UNIX操作系统。正是由于这两项巨大贡献，Dennis M. Ritchie于1983年获得了计算机界的最高奖——图灵奖。此外，他还获得了ACM、IEEE、贝尔实验室等授予的多种奖项.。', '机械工业出版社', 30.00, '在计算机发展的历史上，没有哪一种程序设计语言像C语言这样应用广泛。本书原著即为C语言的设计者之一Dennis M.Ritchie和著名计算机科学家Brian W.Kernighan合著的一本介绍C语言的权威经典著作。我们现在见到的大量论述C语言程序设计的教材和专著均以此书为蓝本。原著第1版中介绍的C语言成为后来广泛使用的C语言版本——标准C的基础。人们熟知的“hello,World\"程序就是由本书首次引入的，现在，这一程序已经成为众多程序设计语言入门的第一课。\n原著第2版根据1987年制定的ANSIC标准做了适当的修订．引入了最新的语言形式，并增加了新的示例，通过简洁的描述、典型的示例，作者全面、系统、准确地讲述了C语言的各个特性以及程序设计的基本方法。对于计算机从业人员来说，《C程序设计语言》是一本必读的程序设计语 言方面的参考书。', 0, 1, 'https://img3.doubanio.com/view/subject/m/public/s1106934.jpg', '9787111128069', '2004-1', 258, '平装', '9.4', '3952');
INSERT INTO `book` VALUES (14, 'Z1148285', '计算机程序的构造和解释', 'Structure and Interpretation of Computer Programs', 'Harold Abelson', 'Harold Abelson是MIT1992年度MacVicarFacultyFellow。Gerald JaySussman是Matsushita电子工程教授。他们都在MIT电子工程和计算机科学系工作．都得到过最重要的计算机科学教育奖：如Abelson得到了IEEE计算机学会的Booth奖。Sussman得到了ACM的Karlstrom奖。\nJulie Sussman是作家和编辑，同时使用自然语言和计算机语言写作。', '机械工业出版社', 45.00, '《计算机程序的构造和解释(原书第2版)》1984年出版，成型于美国麻省理工学院(MIT)多年使用的一本教材，1996年修订为第2版。在过去的二十多年里，《计算机程序的构造和解释(原书第2版)》对于计算机科学的教育计划产生了深刻的影响。第2版中大部分重要程序设计系统都重新修改并做过测试，包括各种解释器和编译器。作者根据其后十余年的教学实践，还对其他许多细节做了相应的修改。\n\n海报：', 0, 1, 'https://img3.doubanio.com/view/subject/m/public/s1113106.jpg', '9787111135104', '2004-2', 473, '平装', '9.5', '1904');
INSERT INTO `book` VALUES (15, 'Z1767742', 'C++ Primer 中文版（第 4 版）', 'C++ Primer, 4th Edition', 'Stanley B.Lippman', '本书所有作者都是著名的C++权威人物。\nStanley B. Lippman目前是微软公司 Visual C++ 团队的架构师。他从1984年开始在贝尔实验室与C++的设计者Bjarne Stroustrup一起从事C++的设计与开发。他在迪士尼和梦工厂从事动画制作，还担任过JPL的高级顾问。他还著有Inside the C++ Object Model。\nJosée Lajoie曾经是IBM加拿大研究中心C/C++编译器开发团队的成员，在ISO C++标准委员会工作了7年，担任过ISO核心语言工作组的主席和C++ Report杂志的专栏作家。\nBarbara E. Moo是拥有25年软件经验的独立咨询顾问。在AT&T，她与Stroustrup、Lippman一起管理过复杂的C++开发项目。她和Andrew Koenig合著了Accelerated C++和Ruminations on C++。', '人民邮电出版社', 99.00, '本书是久负盛名的C++经典教程，其内容是C++大师Stanley B. Lippman丰富的实践经验和C++标准委员会原负责人Josée Lajoie对C++标准深入理解的完美结合，已经帮助全球无数程序员学会了C++。本版对前一版进行了彻底的修订，内容经过了重新组织，更加入了C++ 先驱Barbara E. Moo在C++教学方面的真知灼见。既显著改善了可读性，又充分体现了C++语言的最新进展和当前的业界最佳实践。书中不但新增大量教学辅助内容，用于强调重要的知识点，提醒常见的错误，推荐优秀的编程实践，给出使用提示，还包含大量来自实战的示例和习题。对C++基本概念和技术全面而且权威的阐述，对现代C++编程风格的强调，使本书成为C++初学者的最佳指南；对于中高级程序员，本书也是不可或缺的参考书。本书的前言阐述了 第4版和前一版的不同之处。', 0, 1, 'https://img3.doubanio.com/view/subject/m/public/s1638975.jpg', '9787115145543', '2006', 745, '16开', '9.2', '4165');
INSERT INTO `book` VALUES (16, 'Z3227101', '编程珠玑', 'Programming Pearls Second Edition', 'Jon Bentley', 'Jon Bentley 世界著名计算机科学家，被誉为影响算法发展的十位大师之一。他先后任职于卡内基-梅隆大学（1976~1982）、贝尔实验室（1982~2001）和Avaya实验室（2001年至今）。在卡内基-梅隆大学担任教授期间，他培养了包括Tcl语言设计者John Ousterhout、Java语言设计者James Gosling、《算法导论》作者之一Charles Leiserson在内的许多计算机科学大家。2004年荣获Dr.Dobb\'s程序设计卓越奖。', '人民邮电出版社', 39.00, '本书是计算机科学方面的经典名著。书的内容围绕程序设计人员面对的一系列实际问题展开。作者Jon Bentley 以其独有的洞察力和创造力，引导读者理解这些问题并学会解决方法，而这些正是程序员实际编程生涯中至关重要的。本书的特色是通过一些精心设计的有趣而又颇具指导意义的程序，对实用程序设计技巧及基本设计原则进行了透彻而睿智的描述，为复杂的编程问题提供了清晰而完备的解决思路。本书对各个层次的程序员都具有很高的阅读价值。.\n多年以来，当程序员们推选出最心爱的计算机图书时，《编程珠玑》总是位列前列。正如自然界里珍珠出自细沙对牡蛎的磨砺，计算机科学大师Jon Bentley以其独有的洞察力和创造力，从磨砺程序员的实际问题中凝结出一篇篇不朽的编程“珠玑”，成为世界计算机界名刊《ACM通讯》历史上最受欢迎的专栏，最终结集为两部不朽的计算机科学经典名著，影响和激励着一代又一代程序员和计算机科学工作者。本书为第一卷，主要讨论计算机科学中最本质的问题：如何正确选择和高效地实现算法。..\n在书中，作者选取许多具有典型意义的复杂编程和算法问题，生动描绘了历史上众大师们在探索解决方案中发生的轶事、走过的弯路和不断精益求精的历程，引导读者像真正的程序员和软件工程师那样富于创新性地思考，并透彻阐述和总结了许多独特而精妙的设计原则、思考和解决问题的方法以及实用程序设计技巧。解决方案的代码均以C/C++语言编写，不仅有趣，而且有很大的实战示范意义。每章后所附习题极具挑战性和启发性，书末给出了简洁的解答。...', 0, 1, 'https://img3.doubanio.com/view/subject/m/public/s4687321.jpg', '9787115179289', '2008-10', 228, '平装', '9.1', '1856');
INSERT INTO `book` VALUES (17, 'Z6021443', '黑客与画家', 'Hackers and Painters: Big Ideas from the Computer Age', '[美] Paul Graham', '保罗•格雷厄姆，《黑客与画家》一书的作者，硅谷创业之父。1964年，出生于匹兹堡郊区的一个中产阶级家庭。父亲是设计核反应堆的物理学家，母亲在家照看他和他的妹妹。青少年时代，格雷厄姆就开始编程。但是，他还喜欢许多与计算机无关的东西，这在编程高手之中是很少见的。\n保罗•格雷厄姆在康奈尔大学读完本科，然后在哈佛大学获得计算机科学博士学位。1995年，他创办了Viaweb，帮助个人用户在网上开店，这是世界上第一个互联网应用程序。1998年夏天，Yahoo!公司收购了Viaweb，收购价约为5000万美元。\n此后，他架起了个人网站paulgraham.com，在上面撰写了许许多多关于软件和创业的文章，以深刻的见解和清晰的表达而著称，迅速引起了轰动。2005年，他身体力行，创建了风险投资公司Y Combinator，将自己的理论转化为实践，目前已经资助了80多家创业公司。现在，他是公认的互联网创业权威。', '人民邮电出版社', 49.00, '本书是硅谷创业之父Paul Graham 的文集，主要介绍黑客即优秀程序员的爱好和动机，讨论黑客成长、黑客对世界的贡献以及编程语言和黑客工作方法等所有对计算机时代感兴趣的人的一些话题。书中的内容不但有助于了解计算机编程的本质、互联网行业的规则，还会帮助读者了解我们这个时代，迫使读者独立思考。\n本书适合所有程序员和互联网创业者，也适合一切对计算机行业感兴趣的读者。', 0, 1, 'https://img3.doubanio.com/view/subject/m/public/s4669554.jpg', '9787115249494', '2011-4', 264, '平装', '8.8', '14748');
INSERT INTO `book` VALUES (18, 'Z1767743', 'C++ Primer 中文版（第 4 版）', 'C++ Primer, 4th Edition', 'Stanley B.Lippman', '本书所有作者都是著名的C++权威人物。\nStanley B. Lippman目前是微软公司 Visual C++ 团队的架构师。他从1984年开始在贝尔实验室与C++的设计者Bjarne Stroustrup一起从事C++的设计与开发。他在迪士尼和梦工厂从事动画制作，还担任过JPL的高级顾问。他还著有Inside the C++ Object Model。\nJosée Lajoie曾经是IBM加拿大研究中心C/C++编译器开发团队的成员，在ISO C++标准委员会工作了7年，担任过ISO核心语言工作组的主席和C++ Report杂志的专栏作家。\nBarbara E. Moo是拥有25年软件经验的独立咨询顾问。在AT&T，她与Stroustrup、Lippman一起管理过复杂的C++开发项目。她和Andrew Koenig合著了Accelerated C++和Ruminations on C++。', '人民邮电出版社', 99.00, '本书是久负盛名的C++经典教程，其内容是C++大师Stanley B. Lippman丰富的实践经验和C++标准委员会原负责人Josée Lajoie对C++标准深入理解的完美结合，已经帮助全球无数程序员学会了C++。本版对前一版进行了彻底的修订，内容经过了重新组织，更加入了C++ 先驱Barbara E. Moo在C++教学方面的真知灼见。既显著改善了可读性，又充分体现了C++语言的最新进展和当前的业界最佳实践。书中不但新增大量教学辅助内容，用于强调重要的知识点，提醒常见的错误，推荐优秀的编程实践，给出使用提示，还包含大量来自实战的示例和习题。对C++基本概念和技术全面而且权威的阐述，对现代C++编程风格的强调，使本书成为C++初学者的最佳指南；对于中高级程序员，本书也是不可或缺的参考书。本书的前言阐述了 第4版和前一版的不同之处。', 0, 1, 'https://img3.doubanio.com/view/subject/m/public/s1638975.jpg', '9787115145543', '2006', 745, '16开', '9.2', '4165');
INSERT INTO `book` VALUES (19, 'Z1139339', 'C程序设计语言', 'The C Programming Language', '（美）Brian W. Kernighan', 'Brian W. Kernighan： 贝尔实验室计算科学研究中心高级研究人员，著名的计算机科学家。他参加了UNIX系统、C语言、AWK语言和许多其他系统的开发，同时出版了许多在计算机领域具有影响的著作，如《The Elements of Programming Style》、《The Practice of Programming》、《The UNIX Programming Environment》、《The AWK Language》、《Software Tools》等。\nDennis M. Ritchie：1967年加入贝尔实验室。他和Ken L. Thompson两人共同设计并实现的C语言改变了程序设计语言发展的轨迹，是程序设计语言发展过程中的一个重要里程碑。与此同时，他们两人还设计并实现了UNIX操作系统。正是由于这两项巨大贡献，Dennis M. Ritchie于1983年获得了计算机界的最高奖——图灵奖。此外，他还获得了ACM、IEEE、贝尔实验室等授予的多种奖项.。', '机械工业出版社', 30.00, '在计算机发展的历史上，没有哪一种程序设计语言像C语言这样应用广泛。本书原著即为C语言的设计者之一Dennis M.Ritchie和著名计算机科学家Brian W.Kernighan合著的一本介绍C语言的权威经典著作。我们现在见到的大量论述C语言程序设计的教材和专著均以此书为蓝本。原著第1版中介绍的C语言成为后来广泛使用的C语言版本——标准C的基础。人们熟知的“hello,World\"程序就是由本书首次引入的，现在，这一程序已经成为众多程序设计语言入门的第一课。\n原著第2版根据1987年制定的ANSIC标准做了适当的修订．引入了最新的语言形式，并增加了新的示例，通过简洁的描述、典型的示例，作者全面、系统、准确地讲述了C语言的各个特性以及程序设计的基本方法。对于计算机从业人员来说，《C程序设计语言》是一本必读的程序设计语 言方面的参考书。', 0, 1, 'https://img3.doubanio.com/view/subject/m/public/s1106934.jpg', '9787111128069', '2004-1', 258, '平装', '9.4', '3952');
INSERT INTO `book` VALUES (20, 'Z1477393', '代码大全（第2版）', 'Code Complete', '[美] 史蒂夫·迈克康奈尔', '史蒂夫·迈克康奈尔（Steve McConnell）被公认为软件开发社区中的首要作者和发言人之一。他是Construx Software公司的首席软件工程师。他所编著的图书包括曾被《软件开发》杂志授予优异产品震撼大奖的《代码大全》和《快速软件开发》，以及《软件项目生存指南》和《专业软件开发》等等。', '电子工业出版社', 128.00, '第2版的《代码大全》是著名IT畅销书作者史蒂夫·迈克康奈尔11年前的经典著作的全新演绎：第2版不是第一版的简单修订增补，而是完全进行了重写；增加了很多与时俱进的内容。这也是一本完整的软件构建手册，涵盖了软件构建过程中的所有细节。它从软件质量和编程思想等方面论述了软件构建的各个问题，并详细论述了紧跟潮流的新技术、高屋建瓴的观点、通用的概念，还含有丰富而典型的程序示例。这本书中所论述的技术不仅填补了初级与高级编程技术之间的空白，而且也为程序员们提供了一个有关编程技巧的信息来源。这本书对经验丰富的程序员、技术带头人、自学的程序员及几乎不懂太多编程技巧的学生们都是大有裨益的。可以说，无论是什么背景的读者，阅读这本书都有助于在更短的时间内、更容易地写出更好的程序。', 0, 1, 'https://img1.doubanio.com/view/subject/m/public/s1495029.jpg', '9787121022982', '2006-3', 944, '平装', '9.3', '3423');
INSERT INTO `book` VALUES (21, 'Z3004256', '编程之美', '编程之美', '《编程之美》小组 编', '', '电子工业出版社', 40.00, '这本书收集了约60道算法和程序设计题目，这些题目大部分在近年的笔试、面试中出现过，或者是被微软员工热烈讨论过。作者试图从书中各种有趣的问题出发，引导读者发现问题，分析问题，解决问题，寻找更优的解法。本书的内容分为下面几个部分：\n（1）游戏之乐：从游戏和其他有趣问题出发，化繁为简，分析总结。\n（2）数字之魅：编程的过程实际上就是和数字及字符打交道的过程。这一部分收集了一些好玩的对数字进行处理的题目。\n（3）结构之法：汇集了常见的对字符串、链表、队列，以及树等进行操作的题目。\n（4）数学之趣：列举了一些不需要写具体程序的数学问题，锻炼读者的抽象思维能力。\n书中绝大部分题目都提供了详细的解说。 每道题目后面还有一至两道扩展问题，供读者进一步钻研。\n书中还讲述了面试的各种小故事，告诉读者微软需要什么样的技术人才，重视什么样的能力，如何甄别人才。回答读者关于IT业面试，招聘，职业发展的疑问。这本书的很多题目会出现在IT 行业的各种笔试、面试中，但这本书更深层的意义在于引导读者思考，和读者共享思考之乐，编程之美。', 0, 1, 'https://img3.doubanio.com/view/subject/m/public/s2992671.jpg', '9787121060748', '2008-3', 327, '平装', '8.3', '2949');
INSERT INTO `book` VALUES (22, 'Z3652389', '程序员的自我修养', '程序员的自我修养', '俞甲子', '', '电子工业出版社', 65.00, '这本书主要介绍系统软件的运行机制和原理，涉及在Windows和Linux两个系统平台上，一个应用程序在编译、链接和运行时刻所发生的各种事项，包括：代码指令是如何保存的，库文件如何与应用程序代码静态链接，应用程序如何被装载到内存中并开始运行，动态链接如何实现，C/C++运行库的工作原理，以及操作系统提供的系统服务是如何被调用的。每个技术专题都配备了大量图、表和代码实例，力求将复杂的机制以简洁的形式表达出来。本书最后还提供了一个小巧且跨平台的C/C++运行库MiniCRT，综合展示了与运行库相关的各种技术。\n对装载、链接和库进行了深入浅出的剖析，并且辅以大量的例子和图表，可以作为计算机软件专业和其他相关专业大学本科高年级学生深入学习系统软件的参考书。同时，还可作为各行业从事软件开发的工程师、研究人员以及其他对系统软件实现机制和技术感兴趣者的自学教材。', 0, 1, 'https://img1.doubanio.com/view/subject/m/public/s25136218.jpg', '9787121085116', '2009-4', 459, '平装16开', '8.8', '1944');
INSERT INTO `book` VALUES (23, 'Z1767744', 'C++ Primer 中文版（第 4 版）', 'C++ Primer, 4th Edition', 'Stanley B.Lippman', '本书所有作者都是著名的C++权威人物。\nStanley B. Lippman目前是微软公司 Visual C++ 团队的架构师。他从1984年开始在贝尔实验室与C++的设计者Bjarne Stroustrup一起从事C++的设计与开发。他在迪士尼和梦工厂从事动画制作，还担任过JPL的高级顾问。他还著有Inside the C++ Object Model。\nJosée Lajoie曾经是IBM加拿大研究中心C/C++编译器开发团队的成员，在ISO C++标准委员会工作了7年，担任过ISO核心语言工作组的主席和C++ Report杂志的专栏作家。\nBarbara E. Moo是拥有25年软件经验的独立咨询顾问。在AT&T，她与Stroustrup、Lippman一起管理过复杂的C++开发项目。她和Andrew Koenig合著了Accelerated C++和Ruminations on C++。', '人民邮电出版社', 99.00, '本书是久负盛名的C++经典教程，其内容是C++大师Stanley B. Lippman丰富的实践经验和C++标准委员会原负责人Josée Lajoie对C++标准深入理解的完美结合，已经帮助全球无数程序员学会了C++。本版对前一版进行了彻底的修订，内容经过了重新组织，更加入了C++ 先驱Barbara E. Moo在C++教学方面的真知灼见。既显著改善了可读性，又充分体现了C++语言的最新进展和当前的业界最佳实践。书中不但新增大量教学辅助内容，用于强调重要的知识点，提醒常见的错误，推荐优秀的编程实践，给出使用提示，还包含大量来自实战的示例和习题。对C++基本概念和技术全面而且权威的阐述，对现代C++编程风格的强调，使本书成为C++初学者的最佳指南；对于中高级程序员，本书也是不可或缺的参考书。本书的前言阐述了 第4版和前一版的不同之处。', 0, 1, 'https://img3.doubanio.com/view/subject/m/public/s1638975.jpg', '9787115145543', '2006', 745, '16开', '9.2', '4165');
INSERT INTO `book` VALUES (24, 'Z1788422', 'UNIX环境高级编程', 'UNIX环境高级编程', 'W.Richard Stevens', 'W.Richard Stevens，备受赞誉的技术作家，生前著有多种经典的传世之作，包括《UNIX网络编程》（两卷本）、《TCP/IP详解》（三卷本）和本书第1版。 尤晋元，上海交通大学计算机科学及工程系教 授、博士生导师。在科研方面，主要从事操作系统和分布对象计算技术方面的研究；在教学方面，长期承担操作系统及分布计算等课程的教学工作。主编和翻译了多本操作系统教材和参考书，包括《UNIX操作系统教程》、《UNIX高级编程技术》、《UNIX环境高级编程》和《操作系统：设计与实现》等。', '人民邮电出版社', 99.00, '本书是被誉为UNIX编程“圣经”的Advanced Programming in the UNIX Environment一书的更新版。在本书第1版出版后的十几年中，UNIX行业已经有了巨大的变化，特别是影响UNIX编程接口的有关标准变化很大。本书在保持了前一版风格的基础上，根据最新的标准对内容进行了修订和增补，反映了最新的技术发展。书中除了介绍UNIX文件和目录、标准I/O库、系统数据文件和信息、进程环境、进程控制、进程关系、信号、线程、线程控制、守护进程、各种I/O、进程间通信、网络IPC、伪终端等方面的内容，还在此基础上介绍了多个应用示例，包括如何创建数据库函数库以及如何与网络打印机通信等。此外，还在附录中给出了函数原型和部分习题的答案。\r\n    本书内容权威，概念清晰，阐述精辟，对于所有层次UNIX程序员都是一本不可或缺的参考书。', 0, 1, 'https://img3.doubanio.com/view/subject/m/public/s4436543.jpg', '9787115147318', '2006年', 758, '平装', '9.4', '2139');
INSERT INTO `book` VALUES (25, 'Z3652390', '程序员的自我修养', '程序员的自我修养', '俞甲子', '', '电子工业出版社', 65.00, '这本书主要介绍系统软件的运行机制和原理，涉及在Windows和Linux两个系统平台上，一个应用程序在编译、链接和运行时刻所发生的各种事项，包括：代码指令是如何保存的，库文件如何与应用程序代码静态链接，应用程序如何被装载到内存中并开始运行，动态链接如何实现，C/C++运行库的工作原理，以及操作系统提供的系统服务是如何被调用的。每个技术专题都配备了大量图、表和代码实例，力求将复杂的机制以简洁的形式表达出来。本书最后还提供了一个小巧且跨平台的C/C++运行库MiniCRT，综合展示了与运行库相关的各种技术。\n对装载、链接和库进行了深入浅出的剖析，并且辅以大量的例子和图表，可以作为计算机软件专业和其他相关专业大学本科高年级学生深入学习系统软件的参考书。同时，还可作为各行业从事软件开发的工程师、研究人员以及其他对系统软件实现机制和技术感兴趣者的自学教材。', 0, 1, 'https://img1.doubanio.com/view/subject/m/public/s25136218.jpg', '9787121085116', '2009-4', 459, '平装16开', '8.8', '1944');
INSERT INTO `book` VALUES (26, 'Z3004257', '编程之美', '编程之美', '《编程之美》小组 编', '', '电子工业出版社', 40.00, '这本书收集了约60道算法和程序设计题目，这些题目大部分在近年的笔试、面试中出现过，或者是被微软员工热烈讨论过。作者试图从书中各种有趣的问题出发，引导读者发现问题，分析问题，解决问题，寻找更优的解法。本书的内容分为下面几个部分：\n（1）游戏之乐：从游戏和其他有趣问题出发，化繁为简，分析总结。\n（2）数字之魅：编程的过程实际上就是和数字及字符打交道的过程。这一部分收集了一些好玩的对数字进行处理的题目。\n（3）结构之法：汇集了常见的对字符串、链表、队列，以及树等进行操作的题目。\n（4）数学之趣：列举了一些不需要写具体程序的数学问题，锻炼读者的抽象思维能力。\n书中绝大部分题目都提供了详细的解说。 每道题目后面还有一至两道扩展问题，供读者进一步钻研。\n书中还讲述了面试的各种小故事，告诉读者微软需要什么样的技术人才，重视什么样的能力，如何甄别人才。回答读者关于IT业面试，招聘，职业发展的疑问。这本书的很多题目会出现在IT 行业的各种笔试、面试中，但这本书更深层的意义在于引导读者思考，和读者共享思考之乐，编程之美。', 0, 1, 'https://img3.doubanio.com/view/subject/m/public/s2992671.jpg', '9787121060748', '2008-3', 327, '平装', '8.3', '2949');
INSERT INTO `book` VALUES (27, 'Z1788423', 'UNIX环境高级编程', 'UNIX环境高级编程', 'W.Richard Stevens', 'W.Richard Stevens，备受赞誉的技术作家，生前著有多种经典的传世之作，包括《UNIX网络编程》（两卷本）、《TCP/IP详解》（三卷本）和本书第1版。 尤晋元，上海交通大学计算机科学及工程系教 授、博士生导师。在科研方面，主要从事操作系统和分布对象计算技术方面的研究；在教学方面，长期承担操作系统及分布计算等课程的教学工作。主编和翻译了多本操作系统教材和参考书，包括《UNIX操作系统教程》、《UNIX高级编程技术》、《UNIX环境高级编程》和《操作系统：设计与实现》等。', '人民邮电出版社', 99.00, '本书是被誉为UNIX编程“圣经”的Advanced Programming in the UNIX Environment一书的更新版。在本书第1版出版后的十几年中，UNIX行业已经有了巨大的变化，特别是影响UNIX编程接口的有关标准变化很大。本书在保持了前一版风格的基础上，根据最新的标准对内容进行了修订和增补，反映了最新的技术发展。书中除了介绍UNIX文件和目录、标准I/O库、系统数据文件和信息、进程环境、进程控制、进程关系、信号、线程、线程控制、守护进程、各种I/O、进程间通信、网络IPC、伪终端等方面的内容，还在此基础上介绍了多个应用示例，包括如何创建数据库函数库以及如何与网络打印机通信等。此外，还在附录中给出了函数原型和部分习题的答案。\r\n    本书内容权威，概念清晰，阐述精辟，对于所有层次UNIX程序员都是一本不可或缺的参考书。', 0, 1, 'https://img3.doubanio.com/view/subject/m/public/s4436543.jpg', '9787115147318', '2006年', 758, '平装', '9.4', '2139');
INSERT INTO `book` VALUES (28, 'Z1152112', '程序员修炼之道', 'The Pragmatic Programmer', 'Andrew Hunt', '', '电子工业出版社', 48.00, '《程序员修炼之道》由一系列的独立的部分组成，涵盖的主题从个人责任、职业发展，直到用于使代码保持灵活、并且易于改编和复用的各种架构技术。利用许多富有娱乐性的奇闻轶事、有思想性的例子以及有趣的类比，全面阐释了软件开发的许多不同方面的最佳实践和重大陷阱。无论你是初学者，是有经验的程序员，还是软件项目经理，本书都适合你阅读。', 0, 1, 'https://img3.doubanio.com/view/subject/m/public/s3957863.jpg', '9787505397194', '2005-1', 333, '平装', '8.6', '2123');
INSERT INTO `book` VALUES (29, 'Z1467588', 'UNIX编程艺术', 'UNIX编程艺术', 'Eric S. Raymond', '', '电子工业出版社', 59.00, '本书主要介绍了Unix系统领域中的设计和开发哲学、思想文化体系、原则与经验，由公认的Unix编程大师、开源运动领袖人物之一Eric S. Raymond倾力多年写作而成。包括Unix设计者在内的多位领域专家也为本书贡献了宝贵的内容。本书内容涉及社群文化、软件开发设计与实现，覆盖面广、内容深邃，完全展现了作者极其深厚的经验积累和领域智慧。', 0, 1, 'https://img3.doubanio.com/view/subject/m/public/s1631790.jpg', '9787121021169', '2006-2', 525, '平装', '9.1', '2019');
INSERT INTO `book` VALUES (30, 'Z3004258', '编程之美', '编程之美', '《编程之美》小组 编', '', '电子工业出版社', 40.00, '这本书收集了约60道算法和程序设计题目，这些题目大部分在近年的笔试、面试中出现过，或者是被微软员工热烈讨论过。作者试图从书中各种有趣的问题出发，引导读者发现问题，分析问题，解决问题，寻找更优的解法。本书的内容分为下面几个部分：\n（1）游戏之乐：从游戏和其他有趣问题出发，化繁为简，分析总结。\n（2）数字之魅：编程的过程实际上就是和数字及字符打交道的过程。这一部分收集了一些好玩的对数字进行处理的题目。\n（3）结构之法：汇集了常见的对字符串、链表、队列，以及树等进行操作的题目。\n（4）数学之趣：列举了一些不需要写具体程序的数学问题，锻炼读者的抽象思维能力。\n书中绝大部分题目都提供了详细的解说。 每道题目后面还有一至两道扩展问题，供读者进一步钻研。\n书中还讲述了面试的各种小故事，告诉读者微软需要什么样的技术人才，重视什么样的能力，如何甄别人才。回答读者关于IT业面试，招聘，职业发展的疑问。这本书的很多题目会出现在IT 行业的各种笔试、面试中，但这本书更深层的意义在于引导读者思考，和读者共享思考之乐，编程之美。', 0, 1, 'https://img3.doubanio.com/view/subject/m/public/s2992671.jpg', '9787121060748', '2008-3', 327, '平装', '8.3', '2949');
INSERT INTO `book` VALUES (31, 'Z3652391', '程序员的自我修养', '程序员的自我修养', '俞甲子', '', '电子工业出版社', 65.00, '这本书主要介绍系统软件的运行机制和原理，涉及在Windows和Linux两个系统平台上，一个应用程序在编译、链接和运行时刻所发生的各种事项，包括：代码指令是如何保存的，库文件如何与应用程序代码静态链接，应用程序如何被装载到内存中并开始运行，动态链接如何实现，C/C++运行库的工作原理，以及操作系统提供的系统服务是如何被调用的。每个技术专题都配备了大量图、表和代码实例，力求将复杂的机制以简洁的形式表达出来。本书最后还提供了一个小巧且跨平台的C/C++运行库MiniCRT，综合展示了与运行库相关的各种技术。\n对装载、链接和库进行了深入浅出的剖析，并且辅以大量的例子和图表，可以作为计算机软件专业和其他相关专业大学本科高年级学生深入学习系统软件的参考书。同时，还可作为各行业从事软件开发的工程师、研究人员以及其他对系统软件实现机制和技术感兴趣者的自学教材。', 0, 1, 'https://img1.doubanio.com/view/subject/m/public/s25136218.jpg', '9787121085116', '2009-4', 459, '平装16开', '8.8', '1944');
INSERT INTO `book` VALUES (32, 'Z4199742', '代码整洁之道', 'Clean Code: A Handbook of Agile Software Craftsmanship', '[美]Robert C. Martin', 'Rober C．Martin，Object Mentor公司总裁。面向对象设计、模式、UML、敏捷方法学和极限编程领域的资深顾问。他是Designing Object-Oriented C++Applications Using the BoochMethod以及Jolt获奖图书Agile SoftwareDevelopment,Principles，Pattems，and Practices(中译版《敏捷软件开发：原则、模式与实践》)等畅销书作者。', '人民邮电出版社', 59.00, '软件质量，不但依赖于架构及项目管理，而且与代码质量紧密相关。这一点，无论是敏捷开发流派还是传统开发流派，都不得不承认。\n本书提出一种观念：代码质量与其整洁度成正比。干净的代码，既在质量上较为可靠，也为后期维护、升级奠定了良好基础。作为编程领域的佼佼者，本书作者给出了一系列行之有效的整洁代码操作实践。这些实践在本书中体现为一条条规则（或称“启示”），并辅以来自现实项目的正、反两面的范例。只要遵循这些规则，就能编写出干净的代码，从而有效提升代码质量。\n本书阅读对象为一切有志于改善代码质量的程序员及技术经理。书中介绍的规则均来自作者多年的实践经验，涵盖从命名到重构的多个编程方面，虽为一“家”之言，然诚有可资借鉴的价值。', 0, 1, 'https://img3.doubanio.com/view/subject/m/public/s4103991.jpg', '9787115216878', '2010-1-1', 388, '平装', '8.6', '1161');
INSERT INTO `book` VALUES (33, 'Z1788424', 'UNIX环境高级编程', 'UNIX环境高级编程', 'W.Richard Stevens', 'W.Richard Stevens，备受赞誉的技术作家，生前著有多种经典的传世之作，包括《UNIX网络编程》（两卷本）、《TCP/IP详解》（三卷本）和本书第1版。 尤晋元，上海交通大学计算机科学及工程系教 授、博士生导师。在科研方面，主要从事操作系统和分布对象计算技术方面的研究；在教学方面，长期承担操作系统及分布计算等课程的教学工作。主编和翻译了多本操作系统教材和参考书，包括《UNIX操作系统教程》、《UNIX高级编程技术》、《UNIX环境高级编程》和《操作系统：设计与实现》等。', '人民邮电出版社', 99.00, '本书是被誉为UNIX编程“圣经”的Advanced Programming in the UNIX Environment一书的更新版。在本书第1版出版后的十几年中，UNIX行业已经有了巨大的变化，特别是影响UNIX编程接口的有关标准变化很大。本书在保持了前一版风格的基础上，根据最新的标准对内容进行了修订和增补，反映了最新的技术发展。书中除了介绍UNIX文件和目录、标准I/O库、系统数据文件和信息、进程环境、进程控制、进程关系、信号、线程、线程控制、守护进程、各种I/O、进程间通信、网络IPC、伪终端等方面的内容，还在此基础上介绍了多个应用示例，包括如何创建数据库函数库以及如何与网络打印机通信等。此外，还在附录中给出了函数原型和部分习题的答案。\r\n    本书内容权威，概念清晰，阐述精辟，对于所有层次UNIX程序员都是一本不可或缺的参考书。', 0, 1, 'https://img3.doubanio.com/view/subject/m/public/s4436543.jpg', '9787115147318', '2006年', 758, '平装', '9.4', '2139');
INSERT INTO `book` VALUES (34, 'Z1152113', '程序员修炼之道', 'The Pragmatic Programmer', 'Andrew Hunt', '', '电子工业出版社', 48.00, '《程序员修炼之道》由一系列的独立的部分组成，涵盖的主题从个人责任、职业发展，直到用于使代码保持灵活、并且易于改编和复用的各种架构技术。利用许多富有娱乐性的奇闻轶事、有思想性的例子以及有趣的类比，全面阐释了软件开发的许多不同方面的最佳实践和重大陷阱。无论你是初学者，是有经验的程序员，还是软件项目经理，本书都适合你阅读。', 0, 1, 'https://img3.doubanio.com/view/subject/m/public/s3957863.jpg', '9787505397194', '2005-1', 333, '平装', '8.6', '2123');
INSERT INTO `book` VALUES (35, 'Z1467589', 'UNIX编程艺术', 'UNIX编程艺术', 'Eric S. Raymond', '', '电子工业出版社', 59.00, '本书主要介绍了Unix系统领域中的设计和开发哲学、思想文化体系、原则与经验，由公认的Unix编程大师、开源运动领袖人物之一Eric S. Raymond倾力多年写作而成。包括Unix设计者在内的多位领域专家也为本书贡献了宝贵的内容。本书内容涉及社群文化、软件开发设计与实现，覆盖面广、内容深邃，完全展现了作者极其深厚的经验积累和领域智慧。', 0, 1, 'https://img3.doubanio.com/view/subject/m/public/s1631790.jpg', '9787121021169', '2006-2', 525, '平装', '9.1', '2019');
INSERT INTO `book` VALUES (36, 'Z4199743', '代码整洁之道', 'Clean Code: A Handbook of Agile Software Craftsmanship', '[美]Robert C. Martin', 'Rober C．Martin，Object Mentor公司总裁。面向对象设计、模式、UML、敏捷方法学和极限编程领域的资深顾问。他是Designing Object-Oriented C++Applications Using the BoochMethod以及Jolt获奖图书Agile SoftwareDevelopment,Principles，Pattems，and Practices(中译版《敏捷软件开发：原则、模式与实践》)等畅销书作者。', '人民邮电出版社', 59.00, '软件质量，不但依赖于架构及项目管理，而且与代码质量紧密相关。这一点，无论是敏捷开发流派还是传统开发流派，都不得不承认。\n本书提出一种观念：代码质量与其整洁度成正比。干净的代码，既在质量上较为可靠，也为后期维护、升级奠定了良好基础。作为编程领域的佼佼者，本书作者给出了一系列行之有效的整洁代码操作实践。这些实践在本书中体现为一条条规则（或称“启示”），并辅以来自现实项目的正、反两面的范例。只要遵循这些规则，就能编写出干净的代码，从而有效提升代码质量。\n本书阅读对象为一切有志于改善代码质量的程序员及技术经理。书中介绍的规则均来自作者多年的实践经验，涵盖从命名到重构的多个编程方面，虽为一“家”之言，然诚有可资借鉴的价值。', 0, 1, 'https://img3.doubanio.com/view/subject/m/public/s4103991.jpg', '9787115216878', '2010-1-1', 388, '平装', '8.6', '1161');
INSERT INTO `book` VALUES (37, 'Z10797190', '编写可读代码的艺术', 'The Art of Readable Code', 'Boswell, D.', 'Dustin Boswell毕业于加州理工大学，资深软件工程师，在Google就职多年，负责Web爬虫和程序设计相关的工作。他专注于前端、后端，服务器架构、机器学习、大数据、系统和网站等技术领域的研究和实践，经验十分丰富。他现在是MyLikes的软件工程师。\nTrevor Foucher资深软件工程师和技术经理，先后在Microsoft和Google工作了数十年，在Microsoft担任软件工程师、技术经理以及安全产品技术主管，在Google从事广告应用开发和搜索基础结构研发相关的工作。', '机械工业出版社', 59.00, '细节决定成败，思路清晰、言简意赅的代码让程序员一目了然；而格式凌乱、拖沓冗长的代码让程序员一头雾水。除了可以正确运行以外，优秀的代码必须具备良好的可读性，编写的代码要使其他人能在最短的时间内理解才行。本书旨在强调代码对人的友好性和可读性。\n本书关注编码的细节，总结了很多提高代码可读性的小技巧，看似都微不足道，但是对于整个软件系统的开发而言，它们与宏观的架构决策、设计思想、指导原则同样重要。编码不仅仅只是一种技术，也是一门艺术，编写可读性高的代码尤其如此。如果你要成为一位优秀的程序员，要想开发出高质量的软件系统，必须从细处着手，做到内外兼修，本书将为你提供有效的指导。\n主要内容：\n简化命名、注释和格式的方法，使每行代码都言简意赅。\n·梳理程序中的循环、逻辑和变量来减小复杂度并理清思路。\n·在函数级别解决问题，例如重新组织代码块，使其一次只做一件事。\n·编写有效的测试代码，使其全面而简洁，同时可读性更高。', 0, 1, 'https://img3.doubanio.com/view/subject/m/public/s10328621.jpg', '9787111385448', '2012-7-10', 240, '平装', '8.7', '736');
INSERT INTO `book` VALUES (38, 'Z1467590', 'UNIX编程艺术', 'UNIX编程艺术', 'Eric S. Raymond', '', '电子工业出版社', 59.00, '本书主要介绍了Unix系统领域中的设计和开发哲学、思想文化体系、原则与经验，由公认的Unix编程大师、开源运动领袖人物之一Eric S. Raymond倾力多年写作而成。包括Unix设计者在内的多位领域专家也为本书贡献了宝贵的内容。本书内容涉及社群文化、软件开发设计与实现，覆盖面广、内容深邃，完全展现了作者极其深厚的经验积累和领域智慧。', 0, 1, 'https://img3.doubanio.com/view/subject/m/public/s1631790.jpg', '9787121021169', '2006-2', 525, '平装', '9.1', '2019');
INSERT INTO `book` VALUES (39, 'Z4199744', '代码整洁之道', 'Clean Code: A Handbook of Agile Software Craftsmanship', '[美]Robert C. Martin', 'Rober C．Martin，Object Mentor公司总裁。面向对象设计、模式、UML、敏捷方法学和极限编程领域的资深顾问。他是Designing Object-Oriented C++Applications Using the BoochMethod以及Jolt获奖图书Agile SoftwareDevelopment,Principles，Pattems，and Practices(中译版《敏捷软件开发：原则、模式与实践》)等畅销书作者。', '人民邮电出版社', 59.00, '软件质量，不但依赖于架构及项目管理，而且与代码质量紧密相关。这一点，无论是敏捷开发流派还是传统开发流派，都不得不承认。\n本书提出一种观念：代码质量与其整洁度成正比。干净的代码，既在质量上较为可靠，也为后期维护、升级奠定了良好基础。作为编程领域的佼佼者，本书作者给出了一系列行之有效的整洁代码操作实践。这些实践在本书中体现为一条条规则（或称“启示”），并辅以来自现实项目的正、反两面的范例。只要遵循这些规则，就能编写出干净的代码，从而有效提升代码质量。\n本书阅读对象为一切有志于改善代码质量的程序员及技术经理。书中介绍的规则均来自作者多年的实践经验，涵盖从命名到重构的多个编程方面，虽为一“家”之言，然诚有可资借鉴的价值。', 0, 1, 'https://img3.doubanio.com/view/subject/m/public/s4103991.jpg', '9787115216878', '2010-1-1', 388, '平装', '8.6', '1161');
INSERT INTO `book` VALUES (40, 'Z4822686', '编码', 'Code: The Hidden Language of Computer Hardware and Software', '[美] Charles Petzold', 'Charles Petzold从1984年开始编写个人计算机程序，从1985年开始编写 Microsoft Windows程序。他在《Microsoft Systems Joumal》1986年 12月号上发表了第一篇关于Windows程序设计的杂志论文。从1986年到1995年，他为《PC Magazine》撰写“Environments”专栏，给读者介绍了Windows和OS／2程序设计的许多方面。\n1994年5月，Petzold作为仅有的七个人之一（并且是唯一的作家）被《Window Magazine》和Microsoft公司授予Windows Pioneer奖，以表彰他对 Microsoft Windows的成功做出的贡献。', '电子工业出版社', 55.00, '本书讲述的是计算机工作原理。作者用丰富的想象和清晰的笔墨将看似繁杂的理论阐述得通俗易懂，你丝毫不会感到枯燥和生硬。更重要的是，你会因此而获得对计算机工作原理较深刻的理解。这种理解不是抽象层面上的，而是具有一定深度的。', 0, 1, 'https://img3.doubanio.com/view/subject/m/public/s4379914.jpg', '9787121106101', '2010', 392, '平装', '9.3', '2071');
INSERT INTO `book` VALUES (41, 'Z1152114', '程序员修炼之道', 'The Pragmatic Programmer', 'Andrew Hunt', '', '电子工业出版社', 48.00, '《程序员修炼之道》由一系列的独立的部分组成，涵盖的主题从个人责任、职业发展，直到用于使代码保持灵活、并且易于改编和复用的各种架构技术。利用许多富有娱乐性的奇闻轶事、有思想性的例子以及有趣的类比，全面阐释了软件开发的许多不同方面的最佳实践和重大陷阱。无论你是初学者，是有经验的程序员，还是软件项目经理，本书都适合你阅读。', 0, 1, 'https://img3.doubanio.com/view/subject/m/public/s3957863.jpg', '9787505397194', '2005-1', 333, '平装', '8.6', '2123');
INSERT INTO `book` VALUES (42, 'Z10797191', '编写可读代码的艺术', 'The Art of Readable Code', 'Boswell, D.', 'Dustin Boswell毕业于加州理工大学，资深软件工程师，在Google就职多年，负责Web爬虫和程序设计相关的工作。他专注于前端、后端，服务器架构、机器学习、大数据、系统和网站等技术领域的研究和实践，经验十分丰富。他现在是MyLikes的软件工程师。\nTrevor Foucher资深软件工程师和技术经理，先后在Microsoft和Google工作了数十年，在Microsoft担任软件工程师、技术经理以及安全产品技术主管，在Google从事广告应用开发和搜索基础结构研发相关的工作。', '机械工业出版社', 59.00, '细节决定成败，思路清晰、言简意赅的代码让程序员一目了然；而格式凌乱、拖沓冗长的代码让程序员一头雾水。除了可以正确运行以外，优秀的代码必须具备良好的可读性，编写的代码要使其他人能在最短的时间内理解才行。本书旨在强调代码对人的友好性和可读性。\n本书关注编码的细节，总结了很多提高代码可读性的小技巧，看似都微不足道，但是对于整个软件系统的开发而言，它们与宏观的架构决策、设计思想、指导原则同样重要。编码不仅仅只是一种技术，也是一门艺术，编写可读性高的代码尤其如此。如果你要成为一位优秀的程序员，要想开发出高质量的软件系统，必须从细处着手，做到内外兼修，本书将为你提供有效的指导。\n主要内容：\n简化命名、注释和格式的方法，使每行代码都言简意赅。\n·梳理程序中的循环、逻辑和变量来减小复杂度并理清思路。\n·在函数级别解决问题，例如重新组织代码块，使其一次只做一件事。\n·编写有效的测试代码，使其全面而简洁，同时可读性更高。', 0, 1, 'https://img3.doubanio.com/view/subject/m/public/s10328621.jpg', '9787111385448', '2012-7-10', 240, '平装', '8.7', '736');
INSERT INTO `book` VALUES (43, 'Z4822687', '编码', 'Code: The Hidden Language of Computer Hardware and Software', '[美] Charles Petzold', 'Charles Petzold从1984年开始编写个人计算机程序，从1985年开始编写 Microsoft Windows程序。他在《Microsoft Systems Joumal》1986年 12月号上发表了第一篇关于Windows程序设计的杂志论文。从1986年到1995年，他为《PC Magazine》撰写“Environments”专栏，给读者介绍了Windows和OS／2程序设计的许多方面。\n1994年5月，Petzold作为仅有的七个人之一（并且是唯一的作家）被《Window Magazine》和Microsoft公司授予Windows Pioneer奖，以表彰他对 Microsoft Windows的成功做出的贡献。', '电子工业出版社', 55.00, '本书讲述的是计算机工作原理。作者用丰富的想象和清晰的笔墨将看似繁杂的理论阐述得通俗易懂，你丝毫不会感到枯燥和生硬。更重要的是，你会因此而获得对计算机工作原理较深刻的理解。这种理解不是抽象层面上的，而是具有一定深度的。', 0, 1, 'https://img3.doubanio.com/view/subject/m/public/s4379914.jpg', '9787121106101', '2010', 392, '平装', '9.3', '2071');
INSERT INTO `book` VALUES (44, 'Z10797192', '编写可读代码的艺术', 'The Art of Readable Code', 'Boswell, D.', 'Dustin Boswell毕业于加州理工大学，资深软件工程师，在Google就职多年，负责Web爬虫和程序设计相关的工作。他专注于前端、后端，服务器架构、机器学习、大数据、系统和网站等技术领域的研究和实践，经验十分丰富。他现在是MyLikes的软件工程师。\nTrevor Foucher资深软件工程师和技术经理，先后在Microsoft和Google工作了数十年，在Microsoft担任软件工程师、技术经理以及安全产品技术主管，在Google从事广告应用开发和搜索基础结构研发相关的工作。', '机械工业出版社', 59.00, '细节决定成败，思路清晰、言简意赅的代码让程序员一目了然；而格式凌乱、拖沓冗长的代码让程序员一头雾水。除了可以正确运行以外，优秀的代码必须具备良好的可读性，编写的代码要使其他人能在最短的时间内理解才行。本书旨在强调代码对人的友好性和可读性。\n本书关注编码的细节，总结了很多提高代码可读性的小技巧，看似都微不足道，但是对于整个软件系统的开发而言，它们与宏观的架构决策、设计思想、指导原则同样重要。编码不仅仅只是一种技术，也是一门艺术，编写可读性高的代码尤其如此。如果你要成为一位优秀的程序员，要想开发出高质量的软件系统，必须从细处着手，做到内外兼修，本书将为你提供有效的指导。\n主要内容：\n简化命名、注释和格式的方法，使每行代码都言简意赅。\n·梳理程序中的循环、逻辑和变量来减小复杂度并理清思路。\n·在函数级别解决问题，例如重新组织代码块，使其一次只做一件事。\n·编写有效的测试代码，使其全面而简洁，同时可读性更高。', 0, 1, 'https://img3.doubanio.com/view/subject/m/public/s10328621.jpg', '9787111385448', '2012-7-10', 240, '平装', '8.7', '736');
INSERT INTO `book` VALUES (45, 'Z4822688', '编码', 'Code: The Hidden Language of Computer Hardware and Software', '[美] Charles Petzold', 'Charles Petzold从1984年开始编写个人计算机程序，从1985年开始编写 Microsoft Windows程序。他在《Microsoft Systems Joumal》1986年 12月号上发表了第一篇关于Windows程序设计的杂志论文。从1986年到1995年，他为《PC Magazine》撰写“Environments”专栏，给读者介绍了Windows和OS／2程序设计的许多方面。\n1994年5月，Petzold作为仅有的七个人之一（并且是唯一的作家）被《Window Magazine》和Microsoft公司授予Windows Pioneer奖，以表彰他对 Microsoft Windows的成功做出的贡献。', '电子工业出版社', 55.00, '本书讲述的是计算机工作原理。作者用丰富的想象和清晰的笔墨将看似繁杂的理论阐述得通俗易懂，你丝毫不会感到枯燥和生硬。更重要的是，你会因此而获得对计算机工作原理较深刻的理解。这种理解不是抽象层面上的，而是具有一定深度的。', 0, 1, 'https://img3.doubanio.com/view/subject/m/public/s4379914.jpg', '9787121106101', '2010', 392, '平装', '9.3', '2071');
INSERT INTO `book` VALUES (46, 'Z1008146', '围城', '围城', '钱锺书', '钱钟书(1910－1998)，字哲良，默存，号槐聚，中国江苏无锡人，中国近代著名作家、 文学研究家。毕业于清华大学外文系，获文学学士，赴上海，到光华大学任教。后考取第三届(1935年)庚子赔款公费留学资格，名列榜首，留学英国牛津大学 埃克塞特学院。大学毕业后任教于多所高校。新中国成立后被评为一级教授。晚年就职于中国社会科学院，任副院长。其夫人杨绛也是著名作家，育有一女钱媛(1937年-1997年)。曾为《毛泽东选集》英文版翻译小组成员。1998年逝世，享年88岁。', '人民文学出版社', 19.00, '《围城》是钱钟书所著的长篇小说。第一版于1947年由上海晨光出版公司出版。1949年之后，由于政治等方面的原因，本书长期无法在中国大陆和台湾重印，仅在香港出现过盗印本。1980年由作者重新修订之后，在中国大陆地区由人民文学出版社刊印。此后作者又曾小幅修改过几次。《围城》 自从出版以来，就受到许多人的推崇。由于1949年后长期无法重印，这本书逐渐淡出人们的视野。1960年代，旅美汉学家夏志清在《中国现代小说史》(A History of Modern Chinese Fiction)中对本书作出很高的评价，这才重新引起人们对它的关注。人们对它的评价一般集中在两方面，幽默的语言和对生活深刻的观察。从1990年代开始，也有人提出对本书的不同看法，认为这是一部被“拔高”的小说，并不是一部出色的作品。很多人认为这是一部幽默作品。除了各具特色的人物语言之外，作者夹叙其间的文字也显着机智与幽默。这是本书的一大特色。也有人认为这是作者卖弄文字，语言显得尖酸刻薄。但这一说法并不为大多数人接受。', 0, 2, 'https://img3.doubanio.com/view/subject/m/public/s1070222.jpg', '9787020024759', '1991-2', 359, '平装', '8.9', '199502');
INSERT INTO `book` VALUES (47, 'Z6082809', '百年孤独', 'Cien años de soledad', '[哥伦比亚] 加西亚·马尔克斯', '加西亚•马尔克斯（Gabriel García Márquez）1927年出生于哥伦比亚马格达莱纳海滨小镇阿拉卡塔卡。童年与外祖父母一起生活。1936年随父母迁居苏克雷。1947年考入波哥大国立大学。1948年因内战辍学，进入报界。五十年代开始发表文学作品。六十年代初移居墨西哥。1967年出版《百年孤独》。1982年获诺贝尔文学奖。', '南海出版公司', 39.50, '《百年孤独》是魔幻现实主义文学的代表作，描写了布恩迪亚家族七代人的传奇故事，以及加勒比海沿岸小镇马孔多的百年兴衰，反映了拉丁美洲一个世纪以来风云变幻的历史。作品融入神话传说、民间故事、宗教典故等神秘因素，巧妙地糅合了现实与虚幻，展现出一个瑰丽的想象世界，成为20世纪最重要的经典文学巨著之一。1982年加西亚•马尔克斯获得诺贝尔文学奖，奠定世界级文学大师的地位，很大程度上乃是凭借《百年孤独》的巨大影响。', 0, 2, 'https://img3.doubanio.com/view/subject/m/public/s6384944.jpg', '9787544253994', '2011-6', 360, '精装', '9.2', '131236');
INSERT INTO `book` VALUES (48, 'Z25862579', '解忧杂货店', 'ナミヤ雑貨店の奇蹟', '[日] 东野圭吾', '东野圭吾\n日本著名作家。\n1985年，《放学后》获第31届江户川乱步奖，开始专职写作；\n1999年，《秘密》获第52届日本推理作家协会奖；\n2005年出版的《嫌疑人X的献身》史无前例地同时获得第134届直木奖、第6届本格推理小说大奖，以及年度三大推理小说排行榜第1名；\n2008年，《流星之绊》获第43届新风奖；\n2009年出版的《新参者》获两大推理小说排行榜年度第1名；\n2012年，《解忧杂货店》获第7届中央公论文艺奖。\n2014年，《祈りの幕が下りる時》（暂译《祈祷落幕时》）获第48届吉川英治文学奖。', '南海出版公司', 39.50, '现代人内心流失的东西，这家杂货店能帮你找回——\n僻静的街道旁有一家杂货店，只要写下烦恼投进卷帘门的投信口，第二天就会在店后的牛奶箱里得到回答。\n因男友身患绝症，年轻女孩静子在爱情与梦想间徘徊；克郎为了音乐梦想离家漂泊，却在现实中寸步难行；少年浩介面临家庭巨变，挣扎在亲情与未来的迷茫中……\n他们将困惑写成信投进杂货店，随即奇妙的事情竟不断发生。\n生命中的一次偶然交会，将如何演绎出截然不同的人生？\n如今回顾写作过程，我发现自己始终在思考一个问题：站在人生的岔路口，人究竟应该怎么做？我希望读者能在掩卷时喃喃自语：我从未读过这样的小说。——东野圭吾', 0, 2, 'https://img3.doubanio.com/view/subject/m/public/s27264181.jpg', '9787544270878', '2014-5', 291, '精装', '8.6', '282790');
INSERT INTO `book` VALUES (49, 'Z1046266', '挪威的森林', 'ノルウェイの森', '[日] 村上春树', '村上春树（1949- ），日本小说家。曾在早稻田大学文学部戏剧科就读。1979年，他的第一部小说《听风之歌》问世后，即被搬上了银幕。随后，他的优秀作品《1973年的弹子球》、《寻羊冒险记》、《挪威的森林》等相继发表。他的创作不受传统拘束，构思新奇，行文潇洒自在，而又不流于庸俗浅薄。尤其是在刻画人的孤独无奈方面更有特色，他没有把这种情绪写成负的东西，而是通过内心的心智性操作使之升华为一种优雅的格调，一种乐在其中的境界，以此来为读者，尤其是生活在城市里的人们提供了一种生活模式或生命的体验。', '上海译文出版社', 18.80, '这是一部动人心弦的、平缓舒雅的、略带感伤的恋爱小说。小说主人公渡边以第一人称展开他同两个女孩间的爱情纠葛。渡边的第一个恋人直子原是他高中要好同学木月的女友，后来木月自杀了。一年后渡边同直子不期而遇并开始交往。此时的直子已变得娴静腼腆，美丽晶莹的眸子里不时掠过一丝难以捕捉的阴翳。两人只是日复一日地在落叶飘零的东京街头漫无目标地或前或后或并肩行走不止。直子20岁生日的晚上两人发生了性关系，不料第二天直子便不知去向。几个月后直子来信说她住进一家远在深山里的精神疗养院。渡边前去探望时发现直子开始带有成熟女性的丰腴与娇美。晚间两人虽同处一室，但渡边约束了自己，分手前表示永远等待直子。返校不久，由于一次偶然相遇，渡边开始与低年级的绿子交往。绿子同内向的直子截然相反，“简直就像迎着春天的晨光蹦跳到世界上来的一头小鹿”。这期间，渡边内心十分苦闷彷徨。一方面念念不忘直子缠绵的病情与柔情，一方面又难以抗拒绿子大胆的表白和迷人的活力。不久传来直子自杀的噩耗，渡边失魂魄地四处徒步旅行。最后，在直子同房病友玲子的鼓励下，开始摸索此后的人生。', 0, 2, 'https://img3.doubanio.com/view/subject/m/public/s1228930.jpg', '9787532725694', '2001-2', 350, '平装', '8.0', '195022');
INSERT INTO `book` VALUES (50, 'Z1082155', '活着', '活着', '余华', '余华，浙江海盐人，1960年出生于浙江杭州，后来随父母迁居海盐县。中学毕业后，因父母是医生，余华曾当过牙医，五年后弃医从文，进入县文化馆和嘉兴文联，从此开始文学创作生涯。曾在北京鲁迅文学院与北师大中文系合办的研究生班深造，1984年开始发表小说。余华是中国先锋派小说的代表人物，与叶兆言、苏童等人齐名。作品有短篇小说集《十八岁出门远行》、《世事如烟》，长篇小说《在细雨中呼喊》、《战栗》及《兄弟》。', '南海出版公司', 12.00, '地主少爷福贵嗜赌成性，终于赌光了家业一贫如洗，穷困之中的福贵因为母亲生病前去求医，没想到半路上被国民党部队抓了壮丁，后被解放军所俘虏，回到家乡他才知道母亲已经去世，妻子家珍含辛茹苦带大了一双儿女，但女儿不幸变成了聋哑人，儿子机灵活泼……\n然而，真正的悲剧从此才开始渐次上演，每读一页，都让我们止不住泪湿双眼，因为生命里难得的温情将被一次次死亡撕扯得粉碎，只剩得老了的福贵伴随着一头老牛在阳光下回忆。', 0, 2, 'https://img3.doubanio.com/view/subject/m/public/s23836852.jpg', '9787544210966', '1998-5', 195, '平装', '9.1', '146584');
INSERT INTO `book` VALUES (51, 'Z1770783', '追风筝的人', 'The Kite Runner', '[美] 卡勒德·胡赛尼', '卡勒德·胡赛尼（Khaled Hosseini），1965年生于阿富汗喀布尔市，后随父亲迁往美国。胡赛尼毕业于加州大学圣地亚哥医学系，现居加州。“立志拂去蒙在阿富汗普通民众面孔的尘灰，将背后灵魂的悸动展示给世人。”著有小说《追风筝的人》(The Kite Runner，2003）、《灿烂千阳》(A Thousand Splendid Suns，2007)、《群山回唱》（And the Mountains Echoed,2013）。作品全球销量超过4000万册。2006年，因其作品巨大的国际影响力，胡赛尼获得联合国人道主义奖，并受邀担任联合国难民署亲善大使。', '上海人民出版社', 29.00, '12岁的阿富汗富家少爷阿米尔与仆人哈桑情同手足。然而，在一场风筝比赛后，发生了一件悲惨不堪的事，阿米尔为自己的懦弱感到自责和痛苦，逼走了哈桑，不久，自己也跟随父亲逃往美国。\n成年后的阿米尔始终无法原谅自己当年对哈桑的背叛。为了赎罪，阿米尔再度踏上暌违二十多年的故乡，希望能为不幸的好友尽最后一点心力，却发现一个惊天谎言，儿时的噩梦再度重演，阿米尔该如何抉择？\n故事如此残忍而又美丽，作者以温暖细腻的笔法勾勒人性的本质与救赎，读来令人荡气回肠。', 0, 2, 'https://img3.doubanio.com/view/subject/m/public/s1727290.jpg', '9787208061644', '2006-5', 362, '平装', '8.9', '313774');
INSERT INTO `book` VALUES (52, 'Z1008147', '围城', '围城', '钱锺书', '钱钟书(1910－1998)，字哲良，默存，号槐聚，中国江苏无锡人，中国近代著名作家、 文学研究家。毕业于清华大学外文系，获文学学士，赴上海，到光华大学任教。后考取第三届(1935年)庚子赔款公费留学资格，名列榜首，留学英国牛津大学 埃克塞特学院。大学毕业后任教于多所高校。新中国成立后被评为一级教授。晚年就职于中国社会科学院，任副院长。其夫人杨绛也是著名作家，育有一女钱媛(1937年-1997年)。曾为《毛泽东选集》英文版翻译小组成员。1998年逝世，享年88岁。', '人民文学出版社', 19.00, '《围城》是钱钟书所著的长篇小说。第一版于1947年由上海晨光出版公司出版。1949年之后，由于政治等方面的原因，本书长期无法在中国大陆和台湾重印，仅在香港出现过盗印本。1980年由作者重新修订之后，在中国大陆地区由人民文学出版社刊印。此后作者又曾小幅修改过几次。《围城》 自从出版以来，就受到许多人的推崇。由于1949年后长期无法重印，这本书逐渐淡出人们的视野。1960年代，旅美汉学家夏志清在《中国现代小说史》(A History of Modern Chinese Fiction)中对本书作出很高的评价，这才重新引起人们对它的关注。人们对它的评价一般集中在两方面，幽默的语言和对生活深刻的观察。从1990年代开始，也有人提出对本书的不同看法，认为这是一部被“拔高”的小说，并不是一部出色的作品。很多人认为这是一部幽默作品。除了各具特色的人物语言之外，作者夹叙其间的文字也显着机智与幽默。这是本书的一大特色。也有人认为这是作者卖弄文字，语言显得尖酸刻薄。但这一说法并不为大多数人接受。', 0, 2, 'https://img3.doubanio.com/view/subject/m/public/s1070222.jpg', '9787020024759', '1991-2', 359, '平装', '8.9', '199502');
INSERT INTO `book` VALUES (53, 'Z6082810', '百年孤独', 'Cien años de soledad', '[哥伦比亚] 加西亚·马尔克斯', '加西亚•马尔克斯（Gabriel García Márquez）1927年出生于哥伦比亚马格达莱纳海滨小镇阿拉卡塔卡。童年与外祖父母一起生活。1936年随父母迁居苏克雷。1947年考入波哥大国立大学。1948年因内战辍学，进入报界。五十年代开始发表文学作品。六十年代初移居墨西哥。1967年出版《百年孤独》。1982年获诺贝尔文学奖。', '南海出版公司', 39.50, '《百年孤独》是魔幻现实主义文学的代表作，描写了布恩迪亚家族七代人的传奇故事，以及加勒比海沿岸小镇马孔多的百年兴衰，反映了拉丁美洲一个世纪以来风云变幻的历史。作品融入神话传说、民间故事、宗教典故等神秘因素，巧妙地糅合了现实与虚幻，展现出一个瑰丽的想象世界，成为20世纪最重要的经典文学巨著之一。1982年加西亚•马尔克斯获得诺贝尔文学奖，奠定世界级文学大师的地位，很大程度上乃是凭借《百年孤独》的巨大影响。', 0, 2, 'https://img3.doubanio.com/view/subject/m/public/s6384944.jpg', '9787544253994', '2011-6', 360, '精装', '9.2', '131236');
INSERT INTO `book` VALUES (54, 'Z25862580', '解忧杂货店', 'ナミヤ雑貨店の奇蹟', '[日] 东野圭吾', '东野圭吾\n日本著名作家。\n1985年，《放学后》获第31届江户川乱步奖，开始专职写作；\n1999年，《秘密》获第52届日本推理作家协会奖；\n2005年出版的《嫌疑人X的献身》史无前例地同时获得第134届直木奖、第6届本格推理小说大奖，以及年度三大推理小说排行榜第1名；\n2008年，《流星之绊》获第43届新风奖；\n2009年出版的《新参者》获两大推理小说排行榜年度第1名；\n2012年，《解忧杂货店》获第7届中央公论文艺奖。\n2014年，《祈りの幕が下りる時》（暂译《祈祷落幕时》）获第48届吉川英治文学奖。', '南海出版公司', 39.50, '现代人内心流失的东西，这家杂货店能帮你找回——\n僻静的街道旁有一家杂货店，只要写下烦恼投进卷帘门的投信口，第二天就会在店后的牛奶箱里得到回答。\n因男友身患绝症，年轻女孩静子在爱情与梦想间徘徊；克郎为了音乐梦想离家漂泊，却在现实中寸步难行；少年浩介面临家庭巨变，挣扎在亲情与未来的迷茫中……\n他们将困惑写成信投进杂货店，随即奇妙的事情竟不断发生。\n生命中的一次偶然交会，将如何演绎出截然不同的人生？\n如今回顾写作过程，我发现自己始终在思考一个问题：站在人生的岔路口，人究竟应该怎么做？我希望读者能在掩卷时喃喃自语：我从未读过这样的小说。——东野圭吾', 0, 2, 'https://img3.doubanio.com/view/subject/m/public/s27264181.jpg', '9787544270878', '2014-5', 291, '精装', '8.6', '282790');
INSERT INTO `book` VALUES (55, 'Z1008148', '围城', '围城', '钱锺书', '钱钟书(1910－1998)，字哲良，默存，号槐聚，中国江苏无锡人，中国近代著名作家、 文学研究家。毕业于清华大学外文系，获文学学士，赴上海，到光华大学任教。后考取第三届(1935年)庚子赔款公费留学资格，名列榜首，留学英国牛津大学 埃克塞特学院。大学毕业后任教于多所高校。新中国成立后被评为一级教授。晚年就职于中国社会科学院，任副院长。其夫人杨绛也是著名作家，育有一女钱媛(1937年-1997年)。曾为《毛泽东选集》英文版翻译小组成员。1998年逝世，享年88岁。', '人民文学出版社', 19.00, '《围城》是钱钟书所著的长篇小说。第一版于1947年由上海晨光出版公司出版。1949年之后，由于政治等方面的原因，本书长期无法在中国大陆和台湾重印，仅在香港出现过盗印本。1980年由作者重新修订之后，在中国大陆地区由人民文学出版社刊印。此后作者又曾小幅修改过几次。《围城》 自从出版以来，就受到许多人的推崇。由于1949年后长期无法重印，这本书逐渐淡出人们的视野。1960年代，旅美汉学家夏志清在《中国现代小说史》(A History of Modern Chinese Fiction)中对本书作出很高的评价，这才重新引起人们对它的关注。人们对它的评价一般集中在两方面，幽默的语言和对生活深刻的观察。从1990年代开始，也有人提出对本书的不同看法，认为这是一部被“拔高”的小说，并不是一部出色的作品。很多人认为这是一部幽默作品。除了各具特色的人物语言之外，作者夹叙其间的文字也显着机智与幽默。这是本书的一大特色。也有人认为这是作者卖弄文字，语言显得尖酸刻薄。但这一说法并不为大多数人接受。', 0, 2, 'https://img3.doubanio.com/view/subject/m/public/s1070222.jpg', '9787020024759', '1991-2', 359, '平装', '8.9', '199502');
INSERT INTO `book` VALUES (56, 'Z1082156', '活着', '活着', '余华', '余华，浙江海盐人，1960年出生于浙江杭州，后来随父母迁居海盐县。中学毕业后，因父母是医生，余华曾当过牙医，五年后弃医从文，进入县文化馆和嘉兴文联，从此开始文学创作生涯。曾在北京鲁迅文学院与北师大中文系合办的研究生班深造，1984年开始发表小说。余华是中国先锋派小说的代表人物，与叶兆言、苏童等人齐名。作品有短篇小说集《十八岁出门远行》、《世事如烟》，长篇小说《在细雨中呼喊》、《战栗》及《兄弟》。', '南海出版公司', 12.00, '地主少爷福贵嗜赌成性，终于赌光了家业一贫如洗，穷困之中的福贵因为母亲生病前去求医，没想到半路上被国民党部队抓了壮丁，后被解放军所俘虏，回到家乡他才知道母亲已经去世，妻子家珍含辛茹苦带大了一双儿女，但女儿不幸变成了聋哑人，儿子机灵活泼……\n然而，真正的悲剧从此才开始渐次上演，每读一页，都让我们止不住泪湿双眼，因为生命里难得的温情将被一次次死亡撕扯得粉碎，只剩得老了的福贵伴随着一头老牛在阳光下回忆。', 0, 2, 'https://img3.doubanio.com/view/subject/m/public/s23836852.jpg', '9787544210966', '1998-5', 195, '平装', '9.1', '146584');
INSERT INTO `book` VALUES (57, 'Z1770784', '追风筝的人', 'The Kite Runner', '[美] 卡勒德·胡赛尼', '卡勒德·胡赛尼（Khaled Hosseini），1965年生于阿富汗喀布尔市，后随父亲迁往美国。胡赛尼毕业于加州大学圣地亚哥医学系，现居加州。“立志拂去蒙在阿富汗普通民众面孔的尘灰，将背后灵魂的悸动展示给世人。”著有小说《追风筝的人》(The Kite Runner，2003）、《灿烂千阳》(A Thousand Splendid Suns，2007)、《群山回唱》（And the Mountains Echoed,2013）。作品全球销量超过4000万册。2006年，因其作品巨大的国际影响力，胡赛尼获得联合国人道主义奖，并受邀担任联合国难民署亲善大使。', '上海人民出版社', 29.00, '12岁的阿富汗富家少爷阿米尔与仆人哈桑情同手足。然而，在一场风筝比赛后，发生了一件悲惨不堪的事，阿米尔为自己的懦弱感到自责和痛苦，逼走了哈桑，不久，自己也跟随父亲逃往美国。\n成年后的阿米尔始终无法原谅自己当年对哈桑的背叛。为了赎罪，阿米尔再度踏上暌违二十多年的故乡，希望能为不幸的好友尽最后一点心力，却发现一个惊天谎言，儿时的噩梦再度重演，阿米尔该如何抉择？\n故事如此残忍而又美丽，作者以温暖细腻的笔法勾勒人性的本质与救赎，读来令人荡气回肠。', 0, 2, 'https://img3.doubanio.com/view/subject/m/public/s1727290.jpg', '9787208061644', '2006-5', 362, '平装', '8.9', '313774');
INSERT INTO `book` VALUES (58, 'Z1046267', '挪威的森林', 'ノルウェイの森', '[日] 村上春树', '村上春树（1949- ），日本小说家。曾在早稻田大学文学部戏剧科就读。1979年，他的第一部小说《听风之歌》问世后，即被搬上了银幕。随后，他的优秀作品《1973年的弹子球》、《寻羊冒险记》、《挪威的森林》等相继发表。他的创作不受传统拘束，构思新奇，行文潇洒自在，而又不流于庸俗浅薄。尤其是在刻画人的孤独无奈方面更有特色，他没有把这种情绪写成负的东西，而是通过内心的心智性操作使之升华为一种优雅的格调，一种乐在其中的境界，以此来为读者，尤其是生活在城市里的人们提供了一种生活模式或生命的体验。', '上海译文出版社', 18.80, '这是一部动人心弦的、平缓舒雅的、略带感伤的恋爱小说。小说主人公渡边以第一人称展开他同两个女孩间的爱情纠葛。渡边的第一个恋人直子原是他高中要好同学木月的女友，后来木月自杀了。一年后渡边同直子不期而遇并开始交往。此时的直子已变得娴静腼腆，美丽晶莹的眸子里不时掠过一丝难以捕捉的阴翳。两人只是日复一日地在落叶飘零的东京街头漫无目标地或前或后或并肩行走不止。直子20岁生日的晚上两人发生了性关系，不料第二天直子便不知去向。几个月后直子来信说她住进一家远在深山里的精神疗养院。渡边前去探望时发现直子开始带有成熟女性的丰腴与娇美。晚间两人虽同处一室，但渡边约束了自己，分手前表示永远等待直子。返校不久，由于一次偶然相遇，渡边开始与低年级的绿子交往。绿子同内向的直子截然相反，“简直就像迎着春天的晨光蹦跳到世界上来的一头小鹿”。这期间，渡边内心十分苦闷彷徨。一方面念念不忘直子缠绵的病情与柔情，一方面又难以抗拒绿子大胆的表白和迷人的活力。不久传来直子自杀的噩耗，渡边失魂魄地四处徒步旅行。最后，在直子同房病友玲子的鼓励下，开始摸索此后的人生。', 0, 2, 'https://img3.doubanio.com/view/subject/m/public/s1228930.jpg', '9787532725694', '2001-2', 350, '平装', '8.0', '195022');
INSERT INTO `book` VALUES (59, 'Z1046268', '挪威的森林', 'ノルウェイの森', '[日] 村上春树', '村上春树（1949- ），日本小说家。曾在早稻田大学文学部戏剧科就读。1979年，他的第一部小说《听风之歌》问世后，即被搬上了银幕。随后，他的优秀作品《1973年的弹子球》、《寻羊冒险记》、《挪威的森林》等相继发表。他的创作不受传统拘束，构思新奇，行文潇洒自在，而又不流于庸俗浅薄。尤其是在刻画人的孤独无奈方面更有特色，他没有把这种情绪写成负的东西，而是通过内心的心智性操作使之升华为一种优雅的格调，一种乐在其中的境界，以此来为读者，尤其是生活在城市里的人们提供了一种生活模式或生命的体验。', '上海译文出版社', 18.80, '这是一部动人心弦的、平缓舒雅的、略带感伤的恋爱小说。小说主人公渡边以第一人称展开他同两个女孩间的爱情纠葛。渡边的第一个恋人直子原是他高中要好同学木月的女友，后来木月自杀了。一年后渡边同直子不期而遇并开始交往。此时的直子已变得娴静腼腆，美丽晶莹的眸子里不时掠过一丝难以捕捉的阴翳。两人只是日复一日地在落叶飘零的东京街头漫无目标地或前或后或并肩行走不止。直子20岁生日的晚上两人发生了性关系，不料第二天直子便不知去向。几个月后直子来信说她住进一家远在深山里的精神疗养院。渡边前去探望时发现直子开始带有成熟女性的丰腴与娇美。晚间两人虽同处一室，但渡边约束了自己，分手前表示永远等待直子。返校不久，由于一次偶然相遇，渡边开始与低年级的绿子交往。绿子同内向的直子截然相反，“简直就像迎着春天的晨光蹦跳到世界上来的一头小鹿”。这期间，渡边内心十分苦闷彷徨。一方面念念不忘直子缠绵的病情与柔情，一方面又难以抗拒绿子大胆的表白和迷人的活力。不久传来直子自杀的噩耗，渡边失魂魄地四处徒步旅行。最后，在直子同房病友玲子的鼓励下，开始摸索此后的人生。', 0, 2, 'https://img3.doubanio.com/view/subject/m/public/s1228930.jpg', '9787532725694', '2001-2', 350, '平装', '8.0', '195022');
INSERT INTO `book` VALUES (60, 'Z25862581', '解忧杂货店', 'ナミヤ雑貨店の奇蹟', '[日] 东野圭吾', '东野圭吾\n日本著名作家。\n1985年，《放学后》获第31届江户川乱步奖，开始专职写作；\n1999年，《秘密》获第52届日本推理作家协会奖；\n2005年出版的《嫌疑人X的献身》史无前例地同时获得第134届直木奖、第6届本格推理小说大奖，以及年度三大推理小说排行榜第1名；\n2008年，《流星之绊》获第43届新风奖；\n2009年出版的《新参者》获两大推理小说排行榜年度第1名；\n2012年，《解忧杂货店》获第7届中央公论文艺奖。\n2014年，《祈りの幕が下りる時》（暂译《祈祷落幕时》）获第48届吉川英治文学奖。', '南海出版公司', 39.50, '现代人内心流失的东西，这家杂货店能帮你找回——\n僻静的街道旁有一家杂货店，只要写下烦恼投进卷帘门的投信口，第二天就会在店后的牛奶箱里得到回答。\n因男友身患绝症，年轻女孩静子在爱情与梦想间徘徊；克郎为了音乐梦想离家漂泊，却在现实中寸步难行；少年浩介面临家庭巨变，挣扎在亲情与未来的迷茫中……\n他们将困惑写成信投进杂货店，随即奇妙的事情竟不断发生。\n生命中的一次偶然交会，将如何演绎出截然不同的人生？\n如今回顾写作过程，我发现自己始终在思考一个问题：站在人生的岔路口，人究竟应该怎么做？我希望读者能在掩卷时喃喃自语：我从未读过这样的小说。——东野圭吾', 0, 2, 'https://img3.doubanio.com/view/subject/m/public/s27264181.jpg', '9787544270878', '2014-5', 291, '精装', '8.6', '282790');
INSERT INTO `book` VALUES (61, 'Z1770785', '追风筝的人', 'The Kite Runner', '[美] 卡勒德·胡赛尼', '卡勒德·胡赛尼（Khaled Hosseini），1965年生于阿富汗喀布尔市，后随父亲迁往美国。胡赛尼毕业于加州大学圣地亚哥医学系，现居加州。“立志拂去蒙在阿富汗普通民众面孔的尘灰，将背后灵魂的悸动展示给世人。”著有小说《追风筝的人》(The Kite Runner，2003）、《灿烂千阳》(A Thousand Splendid Suns，2007)、《群山回唱》（And the Mountains Echoed,2013）。作品全球销量超过4000万册。2006年，因其作品巨大的国际影响力，胡赛尼获得联合国人道主义奖，并受邀担任联合国难民署亲善大使。', '上海人民出版社', 29.00, '12岁的阿富汗富家少爷阿米尔与仆人哈桑情同手足。然而，在一场风筝比赛后，发生了一件悲惨不堪的事，阿米尔为自己的懦弱感到自责和痛苦，逼走了哈桑，不久，自己也跟随父亲逃往美国。\n成年后的阿米尔始终无法原谅自己当年对哈桑的背叛。为了赎罪，阿米尔再度踏上暌违二十多年的故乡，希望能为不幸的好友尽最后一点心力，却发现一个惊天谎言，儿时的噩梦再度重演，阿米尔该如何抉择？\n故事如此残忍而又美丽，作者以温暖细腻的笔法勾勒人性的本质与救赎，读来令人荡气回肠。', 0, 2, 'https://img3.doubanio.com/view/subject/m/public/s1727290.jpg', '9787208061644', '2006-5', 362, '平装', '8.9', '313774');
INSERT INTO `book` VALUES (62, 'Z1082157', '活着', '活着', '余华', '余华，浙江海盐人，1960年出生于浙江杭州，后来随父母迁居海盐县。中学毕业后，因父母是医生，余华曾当过牙医，五年后弃医从文，进入县文化馆和嘉兴文联，从此开始文学创作生涯。曾在北京鲁迅文学院与北师大中文系合办的研究生班深造，1984年开始发表小说。余华是中国先锋派小说的代表人物，与叶兆言、苏童等人齐名。作品有短篇小说集《十八岁出门远行》、《世事如烟》，长篇小说《在细雨中呼喊》、《战栗》及《兄弟》。', '南海出版公司', 12.00, '地主少爷福贵嗜赌成性，终于赌光了家业一贫如洗，穷困之中的福贵因为母亲生病前去求医，没想到半路上被国民党部队抓了壮丁，后被解放军所俘虏，回到家乡他才知道母亲已经去世，妻子家珍含辛茹苦带大了一双儿女，但女儿不幸变成了聋哑人，儿子机灵活泼……\n然而，真正的悲剧从此才开始渐次上演，每读一页，都让我们止不住泪湿双眼，因为生命里难得的温情将被一次次死亡撕扯得粉碎，只剩得老了的福贵伴随着一头老牛在阳光下回忆。', 0, 2, 'https://img3.doubanio.com/view/subject/m/public/s23836852.jpg', '9787544210966', '1998-5', 195, '平装', '9.1', '146584');
INSERT INTO `book` VALUES (63, 'Z6082811', '百年孤独', 'Cien años de soledad', '[哥伦比亚] 加西亚·马尔克斯', '加西亚•马尔克斯（Gabriel García Márquez）1927年出生于哥伦比亚马格达莱纳海滨小镇阿拉卡塔卡。童年与外祖父母一起生活。1936年随父母迁居苏克雷。1947年考入波哥大国立大学。1948年因内战辍学，进入报界。五十年代开始发表文学作品。六十年代初移居墨西哥。1967年出版《百年孤独》。1982年获诺贝尔文学奖。', '南海出版公司', 39.50, '《百年孤独》是魔幻现实主义文学的代表作，描写了布恩迪亚家族七代人的传奇故事，以及加勒比海沿岸小镇马孔多的百年兴衰，反映了拉丁美洲一个世纪以来风云变幻的历史。作品融入神话传说、民间故事、宗教典故等神秘因素，巧妙地糅合了现实与虚幻，展现出一个瑰丽的想象世界，成为20世纪最重要的经典文学巨著之一。1982年加西亚•马尔克斯获得诺贝尔文学奖，奠定世界级文学大师的地位，很大程度上乃是凭借《百年孤独》的巨大影响。', 0, 2, 'https://img3.doubanio.com/view/subject/m/public/s6384944.jpg', '9787544253994', '2011-6', 360, '精装', '9.2', '131236');
INSERT INTO `book` VALUES (64, 'Z3259441', '白夜行', '白夜行', '[日] 东野圭吾', '东野圭吾，日本著名作家。1958年生于大阪。1985年，以第31届江户川乱步奖获奖作品《放学后》出道，开始扬名立万。20年作品逾60部，几乎囊括日本所有大奖：1999年，《秘密》获第52届日本推理作家协会奖，入围第120届直木奖；2000年，《白夜行》入围第122届直木奖；2001年，《暗恋》入围第125届直木奖；2004年，《幻夜》入围第131届直木奖；2006年的《嫌疑人X的献身》，获得第134届直木奖、第6届本格推理小说大奖。\n《白夜行》出版之后引起巨大轰动，使东野圭吾成为天王级作家。小说被改编成同名电视连续剧，与图书一同为作家带来了如潮好评，使他成为日本、韩国与台湾等地最受欢迎的作家之一。', '南海出版公司', 29.80, '“只希望能手牵手在太阳下散步”，这个象征故事内核的绝望念想，有如一个美丽的幌子，随着无数凌乱、压抑、悲凉的故事片段像纪录片一样一一还原：没有痴痴相思，没有海枯石烂，只剩下一个冰冷绝望的诡计，最后一丝温情也被完全抛弃，万千读者在一曲救赎罪恶的凄苦爱情中悲切动容……', 0, 2, 'https://img3.doubanio.com/view/subject/m/public/s4610502.jpg', '9787544242516', '2008-9', 467, '平装', '9.1', '212095');
INSERT INTO `book` VALUES (65, 'Z5275060', '1988：我想和这个世界谈谈', '1988：我想和这个世界谈谈', '韩寒', '韩寒 1982年9月23日出生。作家，赛车手。已出版作品：《三重门》、《零下一度》、《像少年啦飞驰》、《通稿2003》、《毒》、《韩寒五年文集》、《长安乱》、《就这么漂来漂去》、《一座城池》、《寒》、《光荣日》、《杂的文》或有其他。', '国际文化出版公司', 25.00, '系列主题：《我想和这个世界谈谈》\n目前在韩寒主编的杂志《独唱团》中首度连载，这是韩寒预谋已久的一个系列，也是国内首度实际尝试“公路小说”这一概念的第一本——《1988》。\n所谓“公路小说”就是以路途为载体反应人生观，现实观的小说。\n如果说一件真正的艺术品的面世具有任何重大意义的话，韩寒新书的出版将会在中国创造一个历史事件，文章开头“空气越来越差，我必须上路了。我开着一台1988年出厂的旅行车，在说不清是迷雾还是毒气的夜色里拐上了318国道。”用一部旅行车为载体，通过在路上的见闻、过去的回忆、扑朔迷离的人物关系等各种现实场景，以韩寒本人对路上所见、所闻引发自己的观点，这场真正的旅途在精神层面；如果说似乎逾越了部分法律和道德的界限，但出发点也仅仅是希望在另一侧找到信仰。韩寒是“叛逆的”，他“试图用能给世界一些新意的眼光来看世界。试图寻找令人信服的价值”。他认为这一切通过文学都可以实现，产生了要创造一种批判现有一切社会习俗的“新幻象”的念头——《1988》就此问世。\n目前“公路小说”的系列已经开始策划，韩寒的作品首当其冲，韩寒表示将会撰写三部作品与聚石文华联合打造“公路小说”这一品牌', 0, 2, 'https://img3.doubanio.com/view/subject/m/public/s4477716.jpg', '9787512500983', '2010-9', 215, '平装', '7.9', '124051');
INSERT INTO `book` VALUES (66, 'Z1040772', '达·芬奇密码', 'The Da Vinci Code', '[美] 丹·布朗', '丹·布朗（Dan Brown, 1964- ），美国畅销作家。毕业于阿默斯特学院，曾是一名英语教师。1996年开始写作，先后推出了《数字城堡》、《骗局》和《天使与魔鬼》3部小说，均取得了不错的销售成绩，其中以《天使与魔鬼》最为成功，奠定了他在小说界的地位。《达·芬奇密码》是他的第4部作品，出版后成为有史以来最为畅销的小说之一。布朗的作品已被翻译成多种文字，在世界范围内广为流传。', '上海人民出版社', 28.00, '哈佛大学的符号学专家罗伯特·兰登在法国巴黎出差期间的一个午夜接到一个紧急电话，得知卢浮宫博物馆年迈的馆长被人杀害在卢浮宫的博物馆里，人们在他的尸体旁边发现了一个难以捉摸的密码。兰登与法国一位颇有天分的密码破译专家索菲·奈芙，在对一大堆怪异的密码进行整理的过程当中，发现一连串的线索就隐藏在达芬奇的艺术作品当中，深感震惊。这些线索，大家都清楚可见，然而却被画家巧妙地隐藏起来。兰登无意之中非常震惊地发现，已故的博物馆馆长是峋山隐修会（Priory of sion）的成员--这是一个真实存在的秘密组织，其成员包括艾撒克・牛顿爵士、波提切利、维克多·雨果与达芬奇，这无疑给他们增加了风险。兰登感觉到他们是在找寻一个石破天惊的历史秘密，这是个数世纪以来就证明了的既能给人启迪又很危险的秘密。在这场足迹遍及巴黎以及伦敦的追逐中，兰登与奈芙发现他们在跟一位始终不露面的幕后操纵者斗智斗勇。他们必须解开这个错综复杂的谜团，否则，峋山隐修会掩盖的秘密，那隐藏了多年的令人震惊的古老真相，将永远消逝在历史的尘埃之中。', 0, 2, 'https://img3.doubanio.com/view/subject/m/public/s1513425.jpg', '9787208050037', '2004-2', 432, '平装', '8.2', '131908');
INSERT INTO `book` VALUES (67, 'Z1200841', '平凡的世界（全三部）', '平凡的世界（全三部）', '路遥', '路遥（1949年—1992年），陕西清涧人。1973年入延安大学中文系学习。1976年大学毕业后，先后在《陕西文艺》和《延河》杂志做编辑工作。1978年开始发表作品。著有长篇小说《平凡的世界》，中篇小说《惊心动魄的一幕》《人生》等。曾任陕西省作家协会副主席。', '人民文学出版社', 64.00, '《平凡的世界》是一部现实主义小说，也是一部小说形式的家族史。作者浓缩了中国西北农村的历史变迁过程，在小说中全景式地表现了中国当代城乡的社会生活。在近十年的广阔背景下，通过复杂的矛盾纠葛，刻划社会各阶层众多普通人的形象。劳动与爱情，挫折与追求，痛苦与欢乐，日常生活与巨大社会冲突，纷繁地交织在一起，深刻地展示了普通人在大时代历史进程中所走过的艰难曲折的道路。', 0, 2, 'https://img3.doubanio.com/view/subject/m/public/s2335693.jpg', '9787020049295', '2005-1', 1631, '平装', '9.0', '108198');
INSERT INTO `book` VALUES (68, 'Z1017144', '不能承受的生命之轻', 'Nesnesitelná lehkost bytí', '[捷克] 米兰·昆德拉', '米兰·昆德拉（Milan Kundera, 1929- ），捷克小说家，生于捷克布尔诺市。父亲为钢琴家、音乐艺术学院的教授。生长于一个小国在他看来实在是一种优势，因为身处小国，“要么做一个可怜的、眼光狭窄的人”，要么成为一个广闻博识的“世界性的人”。童年时代，他便学过作曲，受过良好的音乐熏陶和教育。少年时代，开始广泛阅读世界文艺名著。青年时代，写过诗和剧本，画过画，搞过音乐并从事过电影教学。总之，用他自己的话说， “我曾在艺术领域里四处摸索，试图找到我的方向。”50年代初，他作为诗人登上文坛，出版过《人，一座广阔的花园》（1953）、《独白》（1957）以及《最后一个五月》等诗集。但诗歌创作显然不是他的长远追求。最后，当他在30岁左右写出第一个短篇小说后，他确信找到了自己的方向，从此走上了小说创作之路。\n1967年，他的第一部长篇小说《玩笑》在捷克出版，获得巨大成功，连出三版，印数惊人，每次都在几天内售馨。作者在捷克当代文坛上的重要地位从此确定。但好景不长。1968年，苏联入侵捷克后，《玩笑》被列为禁书。昆德拉失去了在电影学院的职务。他的文学创作难以进行。在此情形下，他携妻子于1975年离开捷克，来到法国。\n移居法国后，他很快便成为法国读者最喜爱的外国作家之一。他的绝大多数作品，如《笑忘录》（1978）、《不能承受的存在之轻》（1984）、《不朽》（1990）等等都是首先在法国走红，然后才引起世界文坛的瞩目。他曾多次获得国际文学奖，并多次被提名为诺贝尔文学奖的候选人。\n除小说外，昆德拉还出版过三本论述小说艺术的文集，其中《小说的艺术》（1936）以及《被叛卖的遗嘱》（1993）在世界各地流传甚广。\n昆德拉善于以反讽手法，用幽默的语调描绘人类境况。他的作品表面轻松，实质沉重；表面随意，实质精致；表面通俗，实质深邃而又机智，充满了人生智慧。正因如此，在世界许多国家，一次又一次地掀起了“昆德拉热”。\n昆德拉原先一直用捷克语进行创作。但近年来，他开始尝试用法语写作，已出版了《缓慢》（1995）和《身份》（1997）两部小说。', '上海译文出版社', 23.00, '《不能承受的生命之轻》是米兰·昆德拉最负盛名的作品。小说描写了托马斯与特丽莎、萨丽娜之间的感情生活。但它不是一个男人和两个女人的三角性爱故事，它是一部哲理小说，小说从“永恒轮回”的讨论开始，把读者带入了对一系列问题的思考中，比如轻与重、灵与肉。\n《不能承受的生命之轻》是一部意象繁复的书，其中装载了多种涵义：被政治化了的社会内涵的揭示、人性考察、个人命运在特定历史与政治语境下的呈现，以及对两性关系本质上的探索等。昆德拉将这些元素糅合在一起，写成一部非同凡响的小说——其中既有隐喻式的哲学思考，也有人的悲欢离合的生命历程的展现。', 0, 2, 'https://img1.doubanio.com/view/subject/m/public/s1091698.jpg', '9787532731077', '2003-7', 394, '平装', '8.5', '140284');
INSERT INTO `book` VALUES (69, 'Z1016301', '梦里花落知多少', '梦里花落知多少', '郭敬明', '郭敬明（1983- ），网名：第四维；别名：小四。2001年以作品《剧本》获得第三届全国新概念作文大赛一等奖，2002年以作品《我们最后的校园民谣》获得第四届全国新概念作文大赛一等奖。\n著有小说《爱与痛的边缘》《幻城》《左手倒影右手年华》《梦里花落知多少》《猜火车》《1995－2005夏至未至》， 音乐小说《迷藏》，主编《岛》系列、《无极》、《悲伤逆流成河》、《最小说》、《N世界》等。', '春风文艺出版社', 20.00, '《梦里花落知多少》是郭敬明出版第二部小说，此作一改《幻城》的奇幻风格，从天上回到人间。小说以北京、上海等大都市为背景，讲述了几个年青人的爱情故事，情节曲折，语言幽默生动。主人公是一些即将走出校门的大学生，在成长的过程中，友情、爱情都在经历着蜕变，那种成长的快乐和忧伤很能引起年轻读者的共鸣。', 0, 2, 'https://img1.doubanio.com/view/subject/m/public/s1513378.jpg', '9787531325093', '2003-11', 252, '平装', '7.1', '149988');
INSERT INTO `book` VALUES (70, 'Z3259442', '白夜行', '白夜行', '[日] 东野圭吾', '东野圭吾，日本著名作家。1958年生于大阪。1985年，以第31届江户川乱步奖获奖作品《放学后》出道，开始扬名立万。20年作品逾60部，几乎囊括日本所有大奖：1999年，《秘密》获第52届日本推理作家协会奖，入围第120届直木奖；2000年，《白夜行》入围第122届直木奖；2001年，《暗恋》入围第125届直木奖；2004年，《幻夜》入围第131届直木奖；2006年的《嫌疑人X的献身》，获得第134届直木奖、第6届本格推理小说大奖。\n《白夜行》出版之后引起巨大轰动，使东野圭吾成为天王级作家。小说被改编成同名电视连续剧，与图书一同为作家带来了如潮好评，使他成为日本、韩国与台湾等地最受欢迎的作家之一。', '南海出版公司', 29.80, '“只希望能手牵手在太阳下散步”，这个象征故事内核的绝望念想，有如一个美丽的幌子，随着无数凌乱、压抑、悲凉的故事片段像纪录片一样一一还原：没有痴痴相思，没有海枯石烂，只剩下一个冰冷绝望的诡计，最后一丝温情也被完全抛弃，万千读者在一曲救赎罪恶的凄苦爱情中悲切动容……', 0, 2, 'https://img3.doubanio.com/view/subject/m/public/s4610502.jpg', '9787544242516', '2008-9', 467, '平装', '9.1', '212095');
INSERT INTO `book` VALUES (71, 'Z5275061', '1988：我想和这个世界谈谈', '1988：我想和这个世界谈谈', '韩寒', '韩寒 1982年9月23日出生。作家，赛车手。已出版作品：《三重门》、《零下一度》、《像少年啦飞驰》、《通稿2003》、《毒》、《韩寒五年文集》、《长安乱》、《就这么漂来漂去》、《一座城池》、《寒》、《光荣日》、《杂的文》或有其他。', '国际文化出版公司', 25.00, '系列主题：《我想和这个世界谈谈》\n目前在韩寒主编的杂志《独唱团》中首度连载，这是韩寒预谋已久的一个系列，也是国内首度实际尝试“公路小说”这一概念的第一本——《1988》。\n所谓“公路小说”就是以路途为载体反应人生观，现实观的小说。\n如果说一件真正的艺术品的面世具有任何重大意义的话，韩寒新书的出版将会在中国创造一个历史事件，文章开头“空气越来越差，我必须上路了。我开着一台1988年出厂的旅行车，在说不清是迷雾还是毒气的夜色里拐上了318国道。”用一部旅行车为载体，通过在路上的见闻、过去的回忆、扑朔迷离的人物关系等各种现实场景，以韩寒本人对路上所见、所闻引发自己的观点，这场真正的旅途在精神层面；如果说似乎逾越了部分法律和道德的界限，但出发点也仅仅是希望在另一侧找到信仰。韩寒是“叛逆的”，他“试图用能给世界一些新意的眼光来看世界。试图寻找令人信服的价值”。他认为这一切通过文学都可以实现，产生了要创造一种批判现有一切社会习俗的“新幻象”的念头——《1988》就此问世。\n目前“公路小说”的系列已经开始策划，韩寒的作品首当其冲，韩寒表示将会撰写三部作品与聚石文华联合打造“公路小说”这一品牌', 0, 2, 'https://img3.doubanio.com/view/subject/m/public/s4477716.jpg', '9787512500983', '2010-9', 215, '平装', '7.9', '124051');
INSERT INTO `book` VALUES (72, 'Z1040773', '达·芬奇密码', 'The Da Vinci Code', '[美] 丹·布朗', '丹·布朗（Dan Brown, 1964- ），美国畅销作家。毕业于阿默斯特学院，曾是一名英语教师。1996年开始写作，先后推出了《数字城堡》、《骗局》和《天使与魔鬼》3部小说，均取得了不错的销售成绩，其中以《天使与魔鬼》最为成功，奠定了他在小说界的地位。《达·芬奇密码》是他的第4部作品，出版后成为有史以来最为畅销的小说之一。布朗的作品已被翻译成多种文字，在世界范围内广为流传。', '上海人民出版社', 28.00, '哈佛大学的符号学专家罗伯特·兰登在法国巴黎出差期间的一个午夜接到一个紧急电话，得知卢浮宫博物馆年迈的馆长被人杀害在卢浮宫的博物馆里，人们在他的尸体旁边发现了一个难以捉摸的密码。兰登与法国一位颇有天分的密码破译专家索菲·奈芙，在对一大堆怪异的密码进行整理的过程当中，发现一连串的线索就隐藏在达芬奇的艺术作品当中，深感震惊。这些线索，大家都清楚可见，然而却被画家巧妙地隐藏起来。兰登无意之中非常震惊地发现，已故的博物馆馆长是峋山隐修会（Priory of sion）的成员--这是一个真实存在的秘密组织，其成员包括艾撒克・牛顿爵士、波提切利、维克多·雨果与达芬奇，这无疑给他们增加了风险。兰登感觉到他们是在找寻一个石破天惊的历史秘密，这是个数世纪以来就证明了的既能给人启迪又很危险的秘密。在这场足迹遍及巴黎以及伦敦的追逐中，兰登与奈芙发现他们在跟一位始终不露面的幕后操纵者斗智斗勇。他们必须解开这个错综复杂的谜团，否则，峋山隐修会掩盖的秘密，那隐藏了多年的令人震惊的古老真相，将永远消逝在历史的尘埃之中。', 0, 2, 'https://img3.doubanio.com/view/subject/m/public/s1513425.jpg', '9787208050037', '2004-2', 432, '平装', '8.2', '131908');
INSERT INTO `book` VALUES (73, 'Z1017145', '不能承受的生命之轻', 'Nesnesitelná lehkost bytí', '[捷克] 米兰·昆德拉', '米兰·昆德拉（Milan Kundera, 1929- ），捷克小说家，生于捷克布尔诺市。父亲为钢琴家、音乐艺术学院的教授。生长于一个小国在他看来实在是一种优势，因为身处小国，“要么做一个可怜的、眼光狭窄的人”，要么成为一个广闻博识的“世界性的人”。童年时代，他便学过作曲，受过良好的音乐熏陶和教育。少年时代，开始广泛阅读世界文艺名著。青年时代，写过诗和剧本，画过画，搞过音乐并从事过电影教学。总之，用他自己的话说， “我曾在艺术领域里四处摸索，试图找到我的方向。”50年代初，他作为诗人登上文坛，出版过《人，一座广阔的花园》（1953）、《独白》（1957）以及《最后一个五月》等诗集。但诗歌创作显然不是他的长远追求。最后，当他在30岁左右写出第一个短篇小说后，他确信找到了自己的方向，从此走上了小说创作之路。\n1967年，他的第一部长篇小说《玩笑》在捷克出版，获得巨大成功，连出三版，印数惊人，每次都在几天内售馨。作者在捷克当代文坛上的重要地位从此确定。但好景不长。1968年，苏联入侵捷克后，《玩笑》被列为禁书。昆德拉失去了在电影学院的职务。他的文学创作难以进行。在此情形下，他携妻子于1975年离开捷克，来到法国。\n移居法国后，他很快便成为法国读者最喜爱的外国作家之一。他的绝大多数作品，如《笑忘录》（1978）、《不能承受的存在之轻》（1984）、《不朽》（1990）等等都是首先在法国走红，然后才引起世界文坛的瞩目。他曾多次获得国际文学奖，并多次被提名为诺贝尔文学奖的候选人。\n除小说外，昆德拉还出版过三本论述小说艺术的文集，其中《小说的艺术》（1936）以及《被叛卖的遗嘱》（1993）在世界各地流传甚广。\n昆德拉善于以反讽手法，用幽默的语调描绘人类境况。他的作品表面轻松，实质沉重；表面随意，实质精致；表面通俗，实质深邃而又机智，充满了人生智慧。正因如此，在世界许多国家，一次又一次地掀起了“昆德拉热”。\n昆德拉原先一直用捷克语进行创作。但近年来，他开始尝试用法语写作，已出版了《缓慢》（1995）和《身份》（1997）两部小说。', '上海译文出版社', 23.00, '《不能承受的生命之轻》是米兰·昆德拉最负盛名的作品。小说描写了托马斯与特丽莎、萨丽娜之间的感情生活。但它不是一个男人和两个女人的三角性爱故事，它是一部哲理小说，小说从“永恒轮回”的讨论开始，把读者带入了对一系列问题的思考中，比如轻与重、灵与肉。\n《不能承受的生命之轻》是一部意象繁复的书，其中装载了多种涵义：被政治化了的社会内涵的揭示、人性考察、个人命运在特定历史与政治语境下的呈现，以及对两性关系本质上的探索等。昆德拉将这些元素糅合在一起，写成一部非同凡响的小说——其中既有隐喻式的哲学思考，也有人的悲欢离合的生命历程的展现。', 0, 2, 'https://img1.doubanio.com/view/subject/m/public/s1091698.jpg', '9787532731077', '2003-7', 394, '平装', '8.5', '140284');
INSERT INTO `book` VALUES (74, 'Z1200842', '平凡的世界（全三部）', '平凡的世界（全三部）', '路遥', '路遥（1949年—1992年），陕西清涧人。1973年入延安大学中文系学习。1976年大学毕业后，先后在《陕西文艺》和《延河》杂志做编辑工作。1978年开始发表作品。著有长篇小说《平凡的世界》，中篇小说《惊心动魄的一幕》《人生》等。曾任陕西省作家协会副主席。', '人民文学出版社', 64.00, '《平凡的世界》是一部现实主义小说，也是一部小说形式的家族史。作者浓缩了中国西北农村的历史变迁过程，在小说中全景式地表现了中国当代城乡的社会生活。在近十年的广阔背景下，通过复杂的矛盾纠葛，刻划社会各阶层众多普通人的形象。劳动与爱情，挫折与追求，痛苦与欢乐，日常生活与巨大社会冲突，纷繁地交织在一起，深刻地展示了普通人在大时代历史进程中所走过的艰难曲折的道路。', 0, 2, 'https://img3.doubanio.com/view/subject/m/public/s2335693.jpg', '9787020049295', '2005-1', 1631, '平装', '9.0', '108198');
INSERT INTO `book` VALUES (75, 'Z1016302', '梦里花落知多少', '梦里花落知多少', '郭敬明', '郭敬明（1983- ），网名：第四维；别名：小四。2001年以作品《剧本》获得第三届全国新概念作文大赛一等奖，2002年以作品《我们最后的校园民谣》获得第四届全国新概念作文大赛一等奖。\n著有小说《爱与痛的边缘》《幻城》《左手倒影右手年华》《梦里花落知多少》《猜火车》《1995－2005夏至未至》， 音乐小说《迷藏》，主编《岛》系列、《无极》、《悲伤逆流成河》、《最小说》、《N世界》等。', '春风文艺出版社', 20.00, '《梦里花落知多少》是郭敬明出版第二部小说，此作一改《幻城》的奇幻风格，从天上回到人间。小说以北京、上海等大都市为背景，讲述了几个年青人的爱情故事，情节曲折，语言幽默生动。主人公是一些即将走出校门的大学生，在成长的过程中，友情、爱情都在经历着蜕变，那种成长的快乐和忧伤很能引起年轻读者的共鸣。', 0, 2, 'https://img1.doubanio.com/view/subject/m/public/s1513378.jpg', '9787531325093', '2003-11', 252, '平装', '7.1', '149988');
INSERT INTO `book` VALUES (76, 'Z3259443', '白夜行', '白夜行', '[日] 东野圭吾', '东野圭吾，日本著名作家。1958年生于大阪。1985年，以第31届江户川乱步奖获奖作品《放学后》出道，开始扬名立万。20年作品逾60部，几乎囊括日本所有大奖：1999年，《秘密》获第52届日本推理作家协会奖，入围第120届直木奖；2000年，《白夜行》入围第122届直木奖；2001年，《暗恋》入围第125届直木奖；2004年，《幻夜》入围第131届直木奖；2006年的《嫌疑人X的献身》，获得第134届直木奖、第6届本格推理小说大奖。\n《白夜行》出版之后引起巨大轰动，使东野圭吾成为天王级作家。小说被改编成同名电视连续剧，与图书一同为作家带来了如潮好评，使他成为日本、韩国与台湾等地最受欢迎的作家之一。', '南海出版公司', 29.80, '“只希望能手牵手在太阳下散步”，这个象征故事内核的绝望念想，有如一个美丽的幌子，随着无数凌乱、压抑、悲凉的故事片段像纪录片一样一一还原：没有痴痴相思，没有海枯石烂，只剩下一个冰冷绝望的诡计，最后一丝温情也被完全抛弃，万千读者在一曲救赎罪恶的凄苦爱情中悲切动容……', 0, 2, 'https://img3.doubanio.com/view/subject/m/public/s4610502.jpg', '9787544242516', '2008-9', 467, '平装', '9.1', '212095');
INSERT INTO `book` VALUES (77, 'Z5275062', '1988：我想和这个世界谈谈', '1988：我想和这个世界谈谈', '韩寒', '韩寒 1982年9月23日出生。作家，赛车手。已出版作品：《三重门》、《零下一度》、《像少年啦飞驰》、《通稿2003》、《毒》、《韩寒五年文集》、《长安乱》、《就这么漂来漂去》、《一座城池》、《寒》、《光荣日》、《杂的文》或有其他。', '国际文化出版公司', 25.00, '系列主题：《我想和这个世界谈谈》\n目前在韩寒主编的杂志《独唱团》中首度连载，这是韩寒预谋已久的一个系列，也是国内首度实际尝试“公路小说”这一概念的第一本——《1988》。\n所谓“公路小说”就是以路途为载体反应人生观，现实观的小说。\n如果说一件真正的艺术品的面世具有任何重大意义的话，韩寒新书的出版将会在中国创造一个历史事件，文章开头“空气越来越差，我必须上路了。我开着一台1988年出厂的旅行车，在说不清是迷雾还是毒气的夜色里拐上了318国道。”用一部旅行车为载体，通过在路上的见闻、过去的回忆、扑朔迷离的人物关系等各种现实场景，以韩寒本人对路上所见、所闻引发自己的观点，这场真正的旅途在精神层面；如果说似乎逾越了部分法律和道德的界限，但出发点也仅仅是希望在另一侧找到信仰。韩寒是“叛逆的”，他“试图用能给世界一些新意的眼光来看世界。试图寻找令人信服的价值”。他认为这一切通过文学都可以实现，产生了要创造一种批判现有一切社会习俗的“新幻象”的念头——《1988》就此问世。\n目前“公路小说”的系列已经开始策划，韩寒的作品首当其冲，韩寒表示将会撰写三部作品与聚石文华联合打造“公路小说”这一品牌', 0, 2, 'https://img3.doubanio.com/view/subject/m/public/s4477716.jpg', '9787512500983', '2010-9', 215, '平装', '7.9', '124051');
INSERT INTO `book` VALUES (78, 'Z1040774', '达·芬奇密码', 'The Da Vinci Code', '[美] 丹·布朗', '丹·布朗（Dan Brown, 1964- ），美国畅销作家。毕业于阿默斯特学院，曾是一名英语教师。1996年开始写作，先后推出了《数字城堡》、《骗局》和《天使与魔鬼》3部小说，均取得了不错的销售成绩，其中以《天使与魔鬼》最为成功，奠定了他在小说界的地位。《达·芬奇密码》是他的第4部作品，出版后成为有史以来最为畅销的小说之一。布朗的作品已被翻译成多种文字，在世界范围内广为流传。', '上海人民出版社', 28.00, '哈佛大学的符号学专家罗伯特·兰登在法国巴黎出差期间的一个午夜接到一个紧急电话，得知卢浮宫博物馆年迈的馆长被人杀害在卢浮宫的博物馆里，人们在他的尸体旁边发现了一个难以捉摸的密码。兰登与法国一位颇有天分的密码破译专家索菲·奈芙，在对一大堆怪异的密码进行整理的过程当中，发现一连串的线索就隐藏在达芬奇的艺术作品当中，深感震惊。这些线索，大家都清楚可见，然而却被画家巧妙地隐藏起来。兰登无意之中非常震惊地发现，已故的博物馆馆长是峋山隐修会（Priory of sion）的成员--这是一个真实存在的秘密组织，其成员包括艾撒克・牛顿爵士、波提切利、维克多·雨果与达芬奇，这无疑给他们增加了风险。兰登感觉到他们是在找寻一个石破天惊的历史秘密，这是个数世纪以来就证明了的既能给人启迪又很危险的秘密。在这场足迹遍及巴黎以及伦敦的追逐中，兰登与奈芙发现他们在跟一位始终不露面的幕后操纵者斗智斗勇。他们必须解开这个错综复杂的谜团，否则，峋山隐修会掩盖的秘密，那隐藏了多年的令人震惊的古老真相，将永远消逝在历史的尘埃之中。', 0, 2, 'https://img3.doubanio.com/view/subject/m/public/s1513425.jpg', '9787208050037', '2004-2', 432, '平装', '8.2', '131908');
INSERT INTO `book` VALUES (79, 'Z1016303', '梦里花落知多少', '梦里花落知多少', '郭敬明', '郭敬明（1983- ），网名：第四维；别名：小四。2001年以作品《剧本》获得第三届全国新概念作文大赛一等奖，2002年以作品《我们最后的校园民谣》获得第四届全国新概念作文大赛一等奖。\n著有小说《爱与痛的边缘》《幻城》《左手倒影右手年华》《梦里花落知多少》《猜火车》《1995－2005夏至未至》， 音乐小说《迷藏》，主编《岛》系列、《无极》、《悲伤逆流成河》、《最小说》、《N世界》等。', '春风文艺出版社', 20.00, '《梦里花落知多少》是郭敬明出版第二部小说，此作一改《幻城》的奇幻风格，从天上回到人间。小说以北京、上海等大都市为背景，讲述了几个年青人的爱情故事，情节曲折，语言幽默生动。主人公是一些即将走出校门的大学生，在成长的过程中，友情、爱情都在经历着蜕变，那种成长的快乐和忧伤很能引起年轻读者的共鸣。', 0, 2, 'https://img1.doubanio.com/view/subject/m/public/s1513378.jpg', '9787531325093', '2003-11', 252, '平装', '7.1', '149988');
INSERT INTO `book` VALUES (80, 'Z1017146', '不能承受的生命之轻', 'Nesnesitelná lehkost bytí', '[捷克] 米兰·昆德拉', '米兰·昆德拉（Milan Kundera, 1929- ），捷克小说家，生于捷克布尔诺市。父亲为钢琴家、音乐艺术学院的教授。生长于一个小国在他看来实在是一种优势，因为身处小国，“要么做一个可怜的、眼光狭窄的人”，要么成为一个广闻博识的“世界性的人”。童年时代，他便学过作曲，受过良好的音乐熏陶和教育。少年时代，开始广泛阅读世界文艺名著。青年时代，写过诗和剧本，画过画，搞过音乐并从事过电影教学。总之，用他自己的话说， “我曾在艺术领域里四处摸索，试图找到我的方向。”50年代初，他作为诗人登上文坛，出版过《人，一座广阔的花园》（1953）、《独白》（1957）以及《最后一个五月》等诗集。但诗歌创作显然不是他的长远追求。最后，当他在30岁左右写出第一个短篇小说后，他确信找到了自己的方向，从此走上了小说创作之路。\n1967年，他的第一部长篇小说《玩笑》在捷克出版，获得巨大成功，连出三版，印数惊人，每次都在几天内售馨。作者在捷克当代文坛上的重要地位从此确定。但好景不长。1968年，苏联入侵捷克后，《玩笑》被列为禁书。昆德拉失去了在电影学院的职务。他的文学创作难以进行。在此情形下，他携妻子于1975年离开捷克，来到法国。\n移居法国后，他很快便成为法国读者最喜爱的外国作家之一。他的绝大多数作品，如《笑忘录》（1978）、《不能承受的存在之轻》（1984）、《不朽》（1990）等等都是首先在法国走红，然后才引起世界文坛的瞩目。他曾多次获得国际文学奖，并多次被提名为诺贝尔文学奖的候选人。\n除小说外，昆德拉还出版过三本论述小说艺术的文集，其中《小说的艺术》（1936）以及《被叛卖的遗嘱》（1993）在世界各地流传甚广。\n昆德拉善于以反讽手法，用幽默的语调描绘人类境况。他的作品表面轻松，实质沉重；表面随意，实质精致；表面通俗，实质深邃而又机智，充满了人生智慧。正因如此，在世界许多国家，一次又一次地掀起了“昆德拉热”。\n昆德拉原先一直用捷克语进行创作。但近年来，他开始尝试用法语写作，已出版了《缓慢》（1995）和《身份》（1997）两部小说。', '上海译文出版社', 23.00, '《不能承受的生命之轻》是米兰·昆德拉最负盛名的作品。小说描写了托马斯与特丽莎、萨丽娜之间的感情生活。但它不是一个男人和两个女人的三角性爱故事，它是一部哲理小说，小说从“永恒轮回”的讨论开始，把读者带入了对一系列问题的思考中，比如轻与重、灵与肉。\n《不能承受的生命之轻》是一部意象繁复的书，其中装载了多种涵义：被政治化了的社会内涵的揭示、人性考察、个人命运在特定历史与政治语境下的呈现，以及对两性关系本质上的探索等。昆德拉将这些元素糅合在一起，写成一部非同凡响的小说——其中既有隐喻式的哲学思考，也有人的悲欢离合的生命历程的展现。', 0, 2, 'https://img1.doubanio.com/view/subject/m/public/s1091698.jpg', '9787532731077', '2003-7', 394, '平装', '8.5', '140284');
INSERT INTO `book` VALUES (81, 'Z1200843', '平凡的世界（全三部）', '平凡的世界（全三部）', '路遥', '路遥（1949年—1992年），陕西清涧人。1973年入延安大学中文系学习。1976年大学毕业后，先后在《陕西文艺》和《延河》杂志做编辑工作。1978年开始发表作品。著有长篇小说《平凡的世界》，中篇小说《惊心动魄的一幕》《人生》等。曾任陕西省作家协会副主席。', '人民文学出版社', 64.00, '《平凡的世界》是一部现实主义小说，也是一部小说形式的家族史。作者浓缩了中国西北农村的历史变迁过程，在小说中全景式地表现了中国当代城乡的社会生活。在近十年的广阔背景下，通过复杂的矛盾纠葛，刻划社会各阶层众多普通人的形象。劳动与爱情，挫折与追求，痛苦与欢乐，日常生活与巨大社会冲突，纷繁地交织在一起，深刻地展示了普通人在大时代历史进程中所走过的艰难曲折的道路。', 0, 2, 'https://img3.doubanio.com/view/subject/m/public/s2335693.jpg', '9787020049295', '2005-1', 1631, '平装', '9.0', '108198');
INSERT INTO `book` VALUES (82, 'Z1461904', '何以笙箫默', '何以笙箫默', '顾漫', '顾漫，网络文学女作家，“悦读纪”王牌作者之一。', '朝华出版社', 15.00, '一段年少时的爱恋，牵出一生的纠缠。大学时代的赵默笙阳光灿烂，对法学系大才子何以琛一见倾心，开朗直率的她拔足倒追，终于使才气出众的他为她停留驻足。然而，不善表达的他终于使她在一次伤心之下远走他乡……', 0, 2, 'https://img3.doubanio.com/view/subject/m/public/s2529195.jpg', '9787505414709', '2007-4', 247, '平装', '7.8', '122145');
INSERT INTO `book` VALUES (83, 'Z1858514', '月亮和六便士', 'The Moon and Sixpence', '[英] 毛姆', '威廉·萨默赛特·毛姆（William Somerset Maugham）于1874年1月25日出生在巴黎。父亲是律师，当时在英国驻法使馆供职。小毛姆不满十岁，父母就先后去世，他被送回英国由伯父抚养。毛姆进坎特伯雷皇家公学之后，由于身材矮小，且严重口吃，经常受到大孩子的欺凌和折磨，有时还遭到冬烘学究的无端羞辱。孤寂凄清的童年生活，在他稚嫩的心灵上投下了痛苦的阴影，养成他孤僻、敏感、内向的性格。幼年的经历对他的世界观和文学创作产生了深刻的影响。\n1892年初，他去德国海德堡大学学习了一年。在那儿，他接触到德国哲学史家昆诺·费希尔的哲学思想和以易卜生为代表的新戏剧潮流。同年返回英国，在伦敦一家会计师事务所当了六个星期的练习生，随后即进伦敦圣托马斯医学院学医。为期五年的习医生涯，不仅使他有机会了解到底层人民的生活状况，而且使他学会用解剖刀一样冷峻、犀利的目光来剖视人生和社会。他的第一部小说《兰贝斯的丽莎》，正是根据他从医实习期间的所见所闻写成的。\n从1897年起，毛姆弃医专事文学创作。在接下来的几年里，他写了若干部小说，但是，用毛姆自己的话来说，其中没有一部能够“使泰晤士河起火“。他转向戏剧创作，获得成功，成了红极一时的剧作家，伦敦舞台竟同时上演他的四个剧本。他的第十个剧本《弗雷德里克夫人》连续上演达一年之久。这种空前的盛况，据说只有著名剧作家肖伯纳才能与之比肩。但是辛酸的往事，梦魇似地郁积在他心头，不让他有片刻的安宁，越来越强烈地要求他去表现，去创作。他决定暂时中断戏剧创作，用两年时间潜心写作酝酿已久的小说《人生的枷锁》。\n第一次大战期间，毛姆先在比利时火线救护伤员，后入英国情报部门工作，到过瑞士、俄国和远东等地。这段经历为他后来写作间谍小说《埃申登》提供了素材。战后他重游远东和南太平洋诸岛；1920年到过中国，写了一卷《中国见闻录》。1928年毛姆定居在地中海之滨的里维埃拉，直至1940年纳粹入侵时，才仓促离去。\n两次大战的间隙期间，是毛姆创作精力最旺盛的时期。二十年代及三十年代初期，他写了一系列揭露上流社会尔虞我诈、勾心斗角、道德堕落、讽刺，如《周而复始》、《比我们高贵的人们》和《坚贞的妻子》等。这三个剧本被公认为毛姆剧作中的佳品。1933年完稿的《谢佩》是他的最后一个剧本。毛姆的戏剧作品，情节紧凑而曲折，冲突激烈而合乎情理；所写人物，着墨不多而形象鲜明突出；对话生动自然，幽默俏皮，使人感到清新有力。但总的来说，内容和人物刻画的深度，及不上他的长、短篇小说，虽然他的小说作品也算不上深刻。这一时期的重要小说有：反映现代西方文明束缚、扼杀艺术家个性及创作的《月亮和六便士》；刻画当时文坛上可笑可鄙的现象的《寻欢作乐》；以及以大英帝国东方殖民地为背景、充满异国情调的短篇集《叶之震颤》等。短篇小说在毛姆的创作活动中占有重要位置。他的短篇小说风格接近莫泊桑，结构严谨，起承转落自然，语言简洁，叙述娓娓动听。作家竭力避免在作品中发表议论，而是通过巧妙的艺术处理，让人物在情节展开过程中显示其内在的性格。\n第二次大战期间，毛姆到了美国，在南卡罗莱纳、纽约和文亚德岛等地呆了六年。1944年发表长篇小说《刀锋》。在这部作品里，作家试图通过一个青年人探求人生哲理的故事，揭示精神与实利主义之间的矛盾冲突。小说出版后，反响强烈，特别受到当时置身于战火的英、美现役军人的欢迎。\n1946年，毛姆回到法国里维埃拉。1948年写最后一部小说《卡塔丽娜》。此后，仅限于写作回忆录和文艺评论，同时对自己的旧作进行整理。毛姆晚年享有很高的声誉，英国牛津大学和法国图鲁兹大学分别授予他颇为显赫的“荣誉团骑士“称号。同年1月25日，英国著名的嘉里克文学俱乐部特地设宴庆贺他的八十寿辰；在英国文学史上受到这种礼遇的，只有狄更斯、萨克雷、特罗洛普三位作家。1961年，他的母校，德国海德堡大学，授予他名誉校董称号。\n1965年12月15日，毛姆在法国里维埃拉去世，享年91岁。骨灰安葬在坎特伯雷皇家公学内。死后，美国著名的耶鲁大学建立了档案馆以资纪念。', '上海译文出版社', 15.00, '一个英国证券交易所的经纪人，本已有牢靠的职业和地位、美满的家庭，但却迷恋上绘画，像“被魔鬼附了体”，突然弃家出走，到巴黎去追求绘画的理想。他的行径没有人能够理解。他在异国不仅肉体受着贫穷和饥饿煎熬，而且为了寻找表现手法，精神亦在忍受痛苦折磨。经过一番离奇的遭遇后，主人公最后离开文明世界，远遁到与世隔绝的塔希提岛上。他终于找到灵魂的宁静和适合自己艺术气质的氛围。他同一个土著女子同居，创作出一幅又一幅使后世震惊的杰作。在他染上麻风病双目失明之前，曾在自己住房四壁画了一幅表现伊甸园的伟大作品。但在逝世之前，他却命令土著女子在他死后把这幅画作付之一炬。通过这样一个一心追求艺术、不通人性世故的怪才，毛姆探索了艺术的产生与本质、个性与天才的关系、艺术家与社会的矛盾等等引人深思的问题。同时这本书也引发了人们对摆脱世俗束缚逃离世俗社会寻找心灵家园这一话题的思考，而关于南太平洋小岛的自然民风的描写也引人向往。\n《月亮和六便士》说问世后，以情节入胜、文字深刻在文坛轰动一时，人们争相传看。在小说中，毛姆用第一人称的叙述手法，借“我”之口，叙述整个故事，有人认为这篇小说的原型是法国印象派画家高更，这更增加了它的传奇色彩，受到了全世界读者的关注。', 0, 2, 'https://img1.doubanio.com/view/subject/m/public/s2659208.jpg', '9787532739547', '2006-8', 275, '平装', '9.0', '78962');
INSERT INTO `book` VALUES (84, 'Z2567699', '三体', '三体', '刘慈欣', '刘慈欣，祖籍河南，长于山西，中国科普作家协会会员，山西省作家协会会员，高级工程师。\n自1999年处女作《鲸歌》问世以来，刘慈欣已发表短篇科幻小说三十余篇、出版长篇科幻小说六部，并创下连续八年荣获中国科幻最高奖“银河奖”的纪录。他的长篇作品《三体》开创《科幻世界》月刊连载原创作品的先例，成为2006年度最受关注、最畅销的科幻小说。', '重庆出版社', 23.00, '文化大革命如火如荼进行的同时。军方探寻外星文明的绝秘计划“红岸工程”取得了突破性进展。但在按下发射键的那一刻，历经劫难的叶文洁没有意识到，她彻底改变了人类的命运。地球文明向宇宙发出的第一声啼鸣，以太阳为中心，以光速向宇宙深处飞驰……\n四光年外，“三体文明”正苦苦挣扎——三颗无规则运行的太阳主导下的百余次毁灭与重生逼迫他们逃离母星。而恰在此时。他们接收到了地球发来的信息。在运用超技术锁死地球人的基础科学之后。三体人庞大的宇宙舰队开始向地球进发……\n人类的末日悄然来临。', 0, 2, 'https://img1.doubanio.com/view/subject/m/public/s2768378.jpg', '9787536692930', '2008-1', 302, '平装', '8.8', '168643');
INSERT INTO `book` VALUES (85, 'Z1461905', '何以笙箫默', '何以笙箫默', '顾漫', '顾漫，网络文学女作家，“悦读纪”王牌作者之一。', '朝华出版社', 15.00, '一段年少时的爱恋，牵出一生的纠缠。大学时代的赵默笙阳光灿烂，对法学系大才子何以琛一见倾心，开朗直率的她拔足倒追，终于使才气出众的他为她停留驻足。然而，不善表达的他终于使她在一次伤心之下远走他乡……', 0, 2, 'https://img3.doubanio.com/view/subject/m/public/s2529195.jpg', '9787505414709', '2007-4', 247, '平装', '7.8', '122145');
INSERT INTO `book` VALUES (86, 'Z1858515', '月亮和六便士', 'The Moon and Sixpence', '[英] 毛姆', '威廉·萨默赛特·毛姆（William Somerset Maugham）于1874年1月25日出生在巴黎。父亲是律师，当时在英国驻法使馆供职。小毛姆不满十岁，父母就先后去世，他被送回英国由伯父抚养。毛姆进坎特伯雷皇家公学之后，由于身材矮小，且严重口吃，经常受到大孩子的欺凌和折磨，有时还遭到冬烘学究的无端羞辱。孤寂凄清的童年生活，在他稚嫩的心灵上投下了痛苦的阴影，养成他孤僻、敏感、内向的性格。幼年的经历对他的世界观和文学创作产生了深刻的影响。\n1892年初，他去德国海德堡大学学习了一年。在那儿，他接触到德国哲学史家昆诺·费希尔的哲学思想和以易卜生为代表的新戏剧潮流。同年返回英国，在伦敦一家会计师事务所当了六个星期的练习生，随后即进伦敦圣托马斯医学院学医。为期五年的习医生涯，不仅使他有机会了解到底层人民的生活状况，而且使他学会用解剖刀一样冷峻、犀利的目光来剖视人生和社会。他的第一部小说《兰贝斯的丽莎》，正是根据他从医实习期间的所见所闻写成的。\n从1897年起，毛姆弃医专事文学创作。在接下来的几年里，他写了若干部小说，但是，用毛姆自己的话来说，其中没有一部能够“使泰晤士河起火“。他转向戏剧创作，获得成功，成了红极一时的剧作家，伦敦舞台竟同时上演他的四个剧本。他的第十个剧本《弗雷德里克夫人》连续上演达一年之久。这种空前的盛况，据说只有著名剧作家肖伯纳才能与之比肩。但是辛酸的往事，梦魇似地郁积在他心头，不让他有片刻的安宁，越来越强烈地要求他去表现，去创作。他决定暂时中断戏剧创作，用两年时间潜心写作酝酿已久的小说《人生的枷锁》。\n第一次大战期间，毛姆先在比利时火线救护伤员，后入英国情报部门工作，到过瑞士、俄国和远东等地。这段经历为他后来写作间谍小说《埃申登》提供了素材。战后他重游远东和南太平洋诸岛；1920年到过中国，写了一卷《中国见闻录》。1928年毛姆定居在地中海之滨的里维埃拉，直至1940年纳粹入侵时，才仓促离去。\n两次大战的间隙期间，是毛姆创作精力最旺盛的时期。二十年代及三十年代初期，他写了一系列揭露上流社会尔虞我诈、勾心斗角、道德堕落、讽刺，如《周而复始》、《比我们高贵的人们》和《坚贞的妻子》等。这三个剧本被公认为毛姆剧作中的佳品。1933年完稿的《谢佩》是他的最后一个剧本。毛姆的戏剧作品，情节紧凑而曲折，冲突激烈而合乎情理；所写人物，着墨不多而形象鲜明突出；对话生动自然，幽默俏皮，使人感到清新有力。但总的来说，内容和人物刻画的深度，及不上他的长、短篇小说，虽然他的小说作品也算不上深刻。这一时期的重要小说有：反映现代西方文明束缚、扼杀艺术家个性及创作的《月亮和六便士》；刻画当时文坛上可笑可鄙的现象的《寻欢作乐》；以及以大英帝国东方殖民地为背景、充满异国情调的短篇集《叶之震颤》等。短篇小说在毛姆的创作活动中占有重要位置。他的短篇小说风格接近莫泊桑，结构严谨，起承转落自然，语言简洁，叙述娓娓动听。作家竭力避免在作品中发表议论，而是通过巧妙的艺术处理，让人物在情节展开过程中显示其内在的性格。\n第二次大战期间，毛姆到了美国，在南卡罗莱纳、纽约和文亚德岛等地呆了六年。1944年发表长篇小说《刀锋》。在这部作品里，作家试图通过一个青年人探求人生哲理的故事，揭示精神与实利主义之间的矛盾冲突。小说出版后，反响强烈，特别受到当时置身于战火的英、美现役军人的欢迎。\n1946年，毛姆回到法国里维埃拉。1948年写最后一部小说《卡塔丽娜》。此后，仅限于写作回忆录和文艺评论，同时对自己的旧作进行整理。毛姆晚年享有很高的声誉，英国牛津大学和法国图鲁兹大学分别授予他颇为显赫的“荣誉团骑士“称号。同年1月25日，英国著名的嘉里克文学俱乐部特地设宴庆贺他的八十寿辰；在英国文学史上受到这种礼遇的，只有狄更斯、萨克雷、特罗洛普三位作家。1961年，他的母校，德国海德堡大学，授予他名誉校董称号。\n1965年12月15日，毛姆在法国里维埃拉去世，享年91岁。骨灰安葬在坎特伯雷皇家公学内。死后，美国著名的耶鲁大学建立了档案馆以资纪念。', '上海译文出版社', 15.00, '一个英国证券交易所的经纪人，本已有牢靠的职业和地位、美满的家庭，但却迷恋上绘画，像“被魔鬼附了体”，突然弃家出走，到巴黎去追求绘画的理想。他的行径没有人能够理解。他在异国不仅肉体受着贫穷和饥饿煎熬，而且为了寻找表现手法，精神亦在忍受痛苦折磨。经过一番离奇的遭遇后，主人公最后离开文明世界，远遁到与世隔绝的塔希提岛上。他终于找到灵魂的宁静和适合自己艺术气质的氛围。他同一个土著女子同居，创作出一幅又一幅使后世震惊的杰作。在他染上麻风病双目失明之前，曾在自己住房四壁画了一幅表现伊甸园的伟大作品。但在逝世之前，他却命令土著女子在他死后把这幅画作付之一炬。通过这样一个一心追求艺术、不通人性世故的怪才，毛姆探索了艺术的产生与本质、个性与天才的关系、艺术家与社会的矛盾等等引人深思的问题。同时这本书也引发了人们对摆脱世俗束缚逃离世俗社会寻找心灵家园这一话题的思考，而关于南太平洋小岛的自然民风的描写也引人向往。\n《月亮和六便士》说问世后，以情节入胜、文字深刻在文坛轰动一时，人们争相传看。在小说中，毛姆用第一人称的叙述手法，借“我”之口，叙述整个故事，有人认为这篇小说的原型是法国印象派画家高更，这更增加了它的传奇色彩，受到了全世界读者的关注。', 0, 2, 'https://img1.doubanio.com/view/subject/m/public/s2659208.jpg', '9787532739547', '2006-8', 275, '平装', '9.0', '78962');
INSERT INTO `book` VALUES (87, 'Z2567700', '三体', '三体', '刘慈欣', '刘慈欣，祖籍河南，长于山西，中国科普作家协会会员，山西省作家协会会员，高级工程师。\n自1999年处女作《鲸歌》问世以来，刘慈欣已发表短篇科幻小说三十余篇、出版长篇科幻小说六部，并创下连续八年荣获中国科幻最高奖“银河奖”的纪录。他的长篇作品《三体》开创《科幻世界》月刊连载原创作品的先例，成为2006年度最受关注、最畅销的科幻小说。', '重庆出版社', 23.00, '文化大革命如火如荼进行的同时。军方探寻外星文明的绝秘计划“红岸工程”取得了突破性进展。但在按下发射键的那一刻，历经劫难的叶文洁没有意识到，她彻底改变了人类的命运。地球文明向宇宙发出的第一声啼鸣，以太阳为中心，以光速向宇宙深处飞驰……\n四光年外，“三体文明”正苦苦挣扎——三颗无规则运行的太阳主导下的百余次毁灭与重生逼迫他们逃离母星。而恰在此时。他们接收到了地球发来的信息。在运用超技术锁死地球人的基础科学之后。三体人庞大的宇宙舰队开始向地球进发……\n人类的末日悄然来临。', 0, 2, 'https://img1.doubanio.com/view/subject/m/public/s2768378.jpg', '9787536692930', '2008-1', 302, '平装', '8.8', '168643');
INSERT INTO `book` VALUES (88, 'Z1461906', '何以笙箫默', '何以笙箫默', '顾漫', '顾漫，网络文学女作家，“悦读纪”王牌作者之一。', '朝华出版社', 15.00, '一段年少时的爱恋，牵出一生的纠缠。大学时代的赵默笙阳光灿烂，对法学系大才子何以琛一见倾心，开朗直率的她拔足倒追，终于使才气出众的他为她停留驻足。然而，不善表达的他终于使她在一次伤心之下远走他乡……', 0, 2, 'https://img3.doubanio.com/view/subject/m/public/s2529195.jpg', '9787505414709', '2007-4', 247, '平装', '7.8', '122145');
INSERT INTO `book` VALUES (89, 'Z1858516', '月亮和六便士', 'The Moon and Sixpence', '[英] 毛姆', '威廉·萨默赛特·毛姆（William Somerset Maugham）于1874年1月25日出生在巴黎。父亲是律师，当时在英国驻法使馆供职。小毛姆不满十岁，父母就先后去世，他被送回英国由伯父抚养。毛姆进坎特伯雷皇家公学之后，由于身材矮小，且严重口吃，经常受到大孩子的欺凌和折磨，有时还遭到冬烘学究的无端羞辱。孤寂凄清的童年生活，在他稚嫩的心灵上投下了痛苦的阴影，养成他孤僻、敏感、内向的性格。幼年的经历对他的世界观和文学创作产生了深刻的影响。\n1892年初，他去德国海德堡大学学习了一年。在那儿，他接触到德国哲学史家昆诺·费希尔的哲学思想和以易卜生为代表的新戏剧潮流。同年返回英国，在伦敦一家会计师事务所当了六个星期的练习生，随后即进伦敦圣托马斯医学院学医。为期五年的习医生涯，不仅使他有机会了解到底层人民的生活状况，而且使他学会用解剖刀一样冷峻、犀利的目光来剖视人生和社会。他的第一部小说《兰贝斯的丽莎》，正是根据他从医实习期间的所见所闻写成的。\n从1897年起，毛姆弃医专事文学创作。在接下来的几年里，他写了若干部小说，但是，用毛姆自己的话来说，其中没有一部能够“使泰晤士河起火“。他转向戏剧创作，获得成功，成了红极一时的剧作家，伦敦舞台竟同时上演他的四个剧本。他的第十个剧本《弗雷德里克夫人》连续上演达一年之久。这种空前的盛况，据说只有著名剧作家肖伯纳才能与之比肩。但是辛酸的往事，梦魇似地郁积在他心头，不让他有片刻的安宁，越来越强烈地要求他去表现，去创作。他决定暂时中断戏剧创作，用两年时间潜心写作酝酿已久的小说《人生的枷锁》。\n第一次大战期间，毛姆先在比利时火线救护伤员，后入英国情报部门工作，到过瑞士、俄国和远东等地。这段经历为他后来写作间谍小说《埃申登》提供了素材。战后他重游远东和南太平洋诸岛；1920年到过中国，写了一卷《中国见闻录》。1928年毛姆定居在地中海之滨的里维埃拉，直至1940年纳粹入侵时，才仓促离去。\n两次大战的间隙期间，是毛姆创作精力最旺盛的时期。二十年代及三十年代初期，他写了一系列揭露上流社会尔虞我诈、勾心斗角、道德堕落、讽刺，如《周而复始》、《比我们高贵的人们》和《坚贞的妻子》等。这三个剧本被公认为毛姆剧作中的佳品。1933年完稿的《谢佩》是他的最后一个剧本。毛姆的戏剧作品，情节紧凑而曲折，冲突激烈而合乎情理；所写人物，着墨不多而形象鲜明突出；对话生动自然，幽默俏皮，使人感到清新有力。但总的来说，内容和人物刻画的深度，及不上他的长、短篇小说，虽然他的小说作品也算不上深刻。这一时期的重要小说有：反映现代西方文明束缚、扼杀艺术家个性及创作的《月亮和六便士》；刻画当时文坛上可笑可鄙的现象的《寻欢作乐》；以及以大英帝国东方殖民地为背景、充满异国情调的短篇集《叶之震颤》等。短篇小说在毛姆的创作活动中占有重要位置。他的短篇小说风格接近莫泊桑，结构严谨，起承转落自然，语言简洁，叙述娓娓动听。作家竭力避免在作品中发表议论，而是通过巧妙的艺术处理，让人物在情节展开过程中显示其内在的性格。\n第二次大战期间，毛姆到了美国，在南卡罗莱纳、纽约和文亚德岛等地呆了六年。1944年发表长篇小说《刀锋》。在这部作品里，作家试图通过一个青年人探求人生哲理的故事，揭示精神与实利主义之间的矛盾冲突。小说出版后，反响强烈，特别受到当时置身于战火的英、美现役军人的欢迎。\n1946年，毛姆回到法国里维埃拉。1948年写最后一部小说《卡塔丽娜》。此后，仅限于写作回忆录和文艺评论，同时对自己的旧作进行整理。毛姆晚年享有很高的声誉，英国牛津大学和法国图鲁兹大学分别授予他颇为显赫的“荣誉团骑士“称号。同年1月25日，英国著名的嘉里克文学俱乐部特地设宴庆贺他的八十寿辰；在英国文学史上受到这种礼遇的，只有狄更斯、萨克雷、特罗洛普三位作家。1961年，他的母校，德国海德堡大学，授予他名誉校董称号。\n1965年12月15日，毛姆在法国里维埃拉去世，享年91岁。骨灰安葬在坎特伯雷皇家公学内。死后，美国著名的耶鲁大学建立了档案馆以资纪念。', '上海译文出版社', 15.00, '一个英国证券交易所的经纪人，本已有牢靠的职业和地位、美满的家庭，但却迷恋上绘画，像“被魔鬼附了体”，突然弃家出走，到巴黎去追求绘画的理想。他的行径没有人能够理解。他在异国不仅肉体受着贫穷和饥饿煎熬，而且为了寻找表现手法，精神亦在忍受痛苦折磨。经过一番离奇的遭遇后，主人公最后离开文明世界，远遁到与世隔绝的塔希提岛上。他终于找到灵魂的宁静和适合自己艺术气质的氛围。他同一个土著女子同居，创作出一幅又一幅使后世震惊的杰作。在他染上麻风病双目失明之前，曾在自己住房四壁画了一幅表现伊甸园的伟大作品。但在逝世之前，他却命令土著女子在他死后把这幅画作付之一炬。通过这样一个一心追求艺术、不通人性世故的怪才，毛姆探索了艺术的产生与本质、个性与天才的关系、艺术家与社会的矛盾等等引人深思的问题。同时这本书也引发了人们对摆脱世俗束缚逃离世俗社会寻找心灵家园这一话题的思考，而关于南太平洋小岛的自然民风的描写也引人向往。\n《月亮和六便士》说问世后，以情节入胜、文字深刻在文坛轰动一时，人们争相传看。在小说中，毛姆用第一人称的叙述手法，借“我”之口，叙述整个故事，有人认为这篇小说的原型是法国印象派画家高更，这更增加了它的传奇色彩，受到了全世界读者的关注。', 0, 2, 'https://img1.doubanio.com/view/subject/m/public/s2659208.jpg', '9787532739547', '2006-8', 275, '平装', '9.0', '78962');
INSERT INTO `book` VALUES (90, 'Z2567701', '三体', '三体', '刘慈欣', '刘慈欣，祖籍河南，长于山西，中国科普作家协会会员，山西省作家协会会员，高级工程师。\n自1999年处女作《鲸歌》问世以来，刘慈欣已发表短篇科幻小说三十余篇、出版长篇科幻小说六部，并创下连续八年荣获中国科幻最高奖“银河奖”的纪录。他的长篇作品《三体》开创《科幻世界》月刊连载原创作品的先例，成为2006年度最受关注、最畅销的科幻小说。', '重庆出版社', 23.00, '文化大革命如火如荼进行的同时。军方探寻外星文明的绝秘计划“红岸工程”取得了突破性进展。但在按下发射键的那一刻，历经劫难的叶文洁没有意识到，她彻底改变了人类的命运。地球文明向宇宙发出的第一声啼鸣，以太阳为中心，以光速向宇宙深处飞驰……\n四光年外，“三体文明”正苦苦挣扎——三颗无规则运行的太阳主导下的百余次毁灭与重生逼迫他们逃离母星。而恰在此时。他们接收到了地球发来的信息。在运用超技术锁死地球人的基础科学之后。三体人庞大的宇宙舰队开始向地球进发……\n人类的末日悄然来临。', 0, 2, 'https://img1.doubanio.com/view/subject/m/public/s2768378.jpg', '9787536692930', '2008-1', 302, '平装', '8.8', '168643');
INSERT INTO `book` VALUES (91, 'Z1803505', '17天搞定GRE单词', '17天搞定GRE单词', '杨鹏', '', '西安交通大学出版社', 10.00, '《新东方•17天搞定GRE单词》讨论的核心问题是如何从记忆学的规律出发，以适当的记忆标准，用科学合理的记忆周期和严密的统筹安排来制定一个背单词的时间表，之后以坚定的决心和顽强的毅力来完成这个计划，获得阶段性的成功，拿到开启考试胜利之门的一把“金钥匙”，树立最终攻克该考试的强大信心。从这个角度而言，本书适合一切苦于难以在较短的周期内背下大量单词的英语学习者。', 0, 3, 'https://img3.doubanio.com/view/subject/m/public/s5759730.jpg', '9787560521541', '2006-3', 125, '平装', '8.2', '2883');
INSERT INTO `book` VALUES (92, 'Z3748248', '把你的英语用起来！', '把你的英语用起来！', '伍君仪', '伍君仪\n资深媒体人。北京大学应用心理学硕士、临床医学学士，英语六级优秀、GRE1440+5。教你读懂英文原著，让英语成为你听说读写的working language。2007年开始在新浪博客分享自创“透析英语学习法”，分享阅读英文原著的经验和体会。有不少学生和职场人士使用其方法，增强英语能力。同时，他本人平时透析各类英文原著，积累了大量的英语学习资源。\n刘晓光（恶魔的奶爸）\n任职于上海某家猎头公司，兴趣爱好在于成人英语的教学和自学法研究，在豆瓣网创建“恶魔奶爸的英语教室”，颇受好评！其人提倡不以考试为目的的切实英语学习法。通过对英语播讲类材料的听、语音模仿、写作练习、阅读练习来达到真正能把英语作为一个语言工具使用的目的。其个人的学习方法的另一特点：不死记硬背，不提倡死背单词书，通过对心智的研究，琢磨出一条循序渐进，逐步升级的英文自学道路，坚决摒弃那种传统中把学习和痛苦煎熬等同的方法！', '外文出版社', 36.00, '《 把你的英语用起来！》\n——透析法读原著，原地复活你放下多年的英语！\n本书彻底解救一直想学英语，但从来没有坚持下来的人！\n《把你的英语用起来！》这本书学习方法的理论基础是来自美国南加州大学的教授Dr Krashen的二语习得理论。\n看完《把你的英语用起来！》，你会觉得英语学习不再是一件痛苦的事情！\n把你手中的词汇书扔掉！！！！！\n用透析法，100本畅销经典的英文原著，你现在就都读得懂！\n选择比自己的英文水平略高的学习资料！\n每天省下看电视剧的时间，就可以彻底搞定英语！\n边学边用，越学越有成就感！\n每天2小时，你的英语水平就在阅读中飞速提高！《把你的英语用起来！》\n', 1, 3, 'https://img3.doubanio.com/view/subject/m/public/s26696783.jpg', '9787119083292', '2013-6', 272, '平装', '8.3', '7396');
INSERT INTO `book` VALUES (93, 'Z4201318', '美语音标', '美语音标', '赖世雄', '赖世雄，教授是闻名海峡两岸的英语教学专家，先后获得美国明尼苏达大学大众传播与英语教学双硕士学位。担任托福专任讲师十八年，也是托福成绩满分纪录保持人之一。曾任上海夏旦大学及大连外国语学院客座教授。现任常春藤解析英语杂志社社长，著有英语升学、进修、生活英语丛书共计两百余种，并担任十多家电台英语教学节目广播主讲。\n1993年赖世雄教授开始担任中央人民广播电台英语教学节目主播，时间长达十二年，教学方式风趣幽默、深入浅出、平易近人，深受广大听众的推崇。2003年赖教授经由《中国图书商报》评选为中国英语教学十大名师之一。2004年至今担任北京市政府主办英语活动之主讲教授。\n赖教授深入研究英语教学，对广大英语学习者的需求有极为透彻的了解，长期以来受邀至各地演讲，不遗余力地传授读者英语学习的经验。', '外文出版社', 20.00, '《赖世雄美语音标》为赖世雄“美语从头学”系列丛书之一。赖老师在编写《赖世雄美语音标》时参考了国外一些同类发音书籍的编排，整个内容也是老师个人几十年来学习发音的心得，尽量用浅显的用语，希望读者全凭自修就可看的懂。《赖世雄美语音标》详细的讲解了26个英语字母的发音规则，对24个美语元音音标、26个辅音音标的发音技巧以及美语中各种连音的发音规则也进行了透彻入理的讲解。全书采用美式KK音标，每个音标讲解都配有详细的文字说明、口型示意图并配有MP3示范朗读和语音讲解。除此之外，每个节均有对相似音标进行详细的辨音解读。', 0, 3, 'https://img3.doubanio.com/view/subject/m/public/s6107711.jpg', '9787119061207', '2010-1', 126, '平装', '9.6', '1811');
INSERT INTO `book` VALUES (94, 'Z1092252', '英语词汇的奥秘', '英语词汇的奥秘', '蒋争', '', '中国国际广播出版社', 20.00, '《英语词汇的奥秘》一书自1986年问世以来，累计销售已达80余万册。\n无论是阅读还是写作，都必须要掌握一定的词汇；而如何更快的通过“词汇关”就成为许多同学颇为头疼的问题。本书将“词根”作为词汇的核心内容加以详述，列举了大量常用词根和词组，通过这些词根，可以快速有效地记忆大量单词，由点及面，达到事半功倍的效果。', 0, 3, 'https://img3.doubanio.com/view/subject/m/public/s2184276.jpg', '9787507818031', '2000-1', 402, '平装', '8.4', '1496');
INSERT INTO `book` VALUES (95, 'Z7059663', '考拉小巫的英语学习日记', '考拉小巫的英语学习日记', '考拉小巫', '考拉小巫\n中国新生代英语学习偶像，英语学习第一品牌人物，开启中国英语学习一代新风。\n美国圣路易斯华盛顿大学（WUSTL）硕士毕业，临床心理咨询师，伊甸园字幕组前任影组组长，参与字幕制作的电影和美剧包括《越狱》、《当幸福来敲门》、《憨豆先生的假期》、《加勒比海盗3》等。\n其所著作品《考拉小巫的英语学习日记：写给为梦想而奋斗的人》销量达百万册，被无数英语学习者称为“英语学习之必备神器”。\n微博：@考拉小巫\n微信公众号：考拉小巫（kaolaxiaowu＿joy）\n个人网站：http://kaolaxiaowu.com/', '中国青年出版社', 25.00, '《考拉小巫的英语学习日记:写给为梦想而奋斗的人》的出版是献给考拉小巫粉丝以及所有英语学习爱好者的一份礼物。在《考拉小巫的英语学习日记:写给为梦想而奋斗的人》里，考拉小巫分享了她人生中各个阶段学习英语的所有方法途径及心得体会，和她为了从根本上提高英语听、说、读、写、译能力所做的一切失败和成功的尝试及努力，以及她考过的所有英语考试的备考方案、计划安排、所用书籍及资料，书后附录中还有作者总结的英语学习资料及资源推荐。\n除了分享英语学习方法外，考拉小巫还分享了她与伊甸园字幕组的亲密接触、她被全美专业排名第一的美国名校录取的成功申请经验、她在美国的求学生活以及在美语环境中关于英语学习的新思考和新感悟……\n这不仅仅是一部英语学习日记，更是一本她在彷徨、动摇和无助时的人生感悟，是关于坚持、奋斗和梦想的碎碎念，是关于她一路走来对所有的所学所得和所思所想的沉淀。从《考拉小巫的英语学习日记:写给为梦想而奋斗的人》的叙述不难看出她对梦想和奋斗的崇尚，相信这本励志书一定能激发你去为理想奋斗和拼搏。\n英语怎么学，考拉小巫告诉你：单词就得这么背；听力是这样练成的；关于“看电影，学英语”；圆满的托福，圆满的2007；十天挑战GRE单词；GRE作文5.5之浓缩心得：“写”就一个字。', 0, 3, 'https://img3.doubanio.com/view/subject/m/public/s7653652.jpg', '9787515303505', '2012-1', 224, '平装', '8.1', '10405');
INSERT INTO `book` VALUES (96, 'Z1014915', '英语魔法师之语法俱乐部', '英语魔法师之语法俱乐部', '旋元佑', '旋元佑\nTIME中文解读版《解读时代杂志》总主笔。第一名考上台大外文研究所，分数几乎是第二名的2倍。\n旋元佑老师在台湾完成所有教育，从未出洋留学，但他对外国语文特殊的学习方法，却创下托福满分（677分）及GRE宇汇部分（720分）世界纪录的惊人成就。\n旋老师投入英语教学多年，深入了解中文读者学习英语的困难。为了帮助华人英文学习者学好英文，特别设计出一系列《深入浅出》、《只要理解，不要公式》的单元，如《语法俱乐部》、《时代经典用宇》、《字源大挪移》、《修辞高峰会》等。在《解读时代杂志》连载，与读者分享他的学习方法及心得。\n《语法俱乐部》在《解读时代杂志》连载近两年期间，不断接获读者询问集结出书时间，及要求专栏附上学习成果评讲。\n旋元佑老师为了帮助读者在文法学习的路上走得更轻松更稳健，特别增添453组测验及详细解说，使读者可无师自通。\n读者在自习过程中遇到任何疑问，旋老师非常乐意为各位解答，欢迎来信、传真、E－mail至经典传讯，由读者服务部代为处理。\n', '九州出版社', 35.00, '', 0, 3, 'https://img3.doubanio.com/view/subject/m/public/s26368880.jpg', '9787801146274', '2001-5', 440, '平装', '9.5', '2174');
INSERT INTO `book` VALUES (97, 'Z1803506', '17天搞定GRE单词', '17天搞定GRE单词', '杨鹏', '', '西安交通大学出版社', 10.00, '《新东方•17天搞定GRE单词》讨论的核心问题是如何从记忆学的规律出发，以适当的记忆标准，用科学合理的记忆周期和严密的统筹安排来制定一个背单词的时间表，之后以坚定的决心和顽强的毅力来完成这个计划，获得阶段性的成功，拿到开启考试胜利之门的一把“金钥匙”，树立最终攻克该考试的强大信心。从这个角度而言，本书适合一切苦于难以在较短的周期内背下大量单词的英语学习者。', 0, 3, 'https://img3.doubanio.com/view/subject/m/public/s5759730.jpg', '9787560521541', '2006-3', 125, '平装', '8.2', '2883');
INSERT INTO `book` VALUES (98, 'Z1014916', '英语魔法师之语法俱乐部', '英语魔法师之语法俱乐部', '旋元佑', '旋元佑\nTIME中文解读版《解读时代杂志》总主笔。第一名考上台大外文研究所，分数几乎是第二名的2倍。\n旋元佑老师在台湾完成所有教育，从未出洋留学，但他对外国语文特殊的学习方法，却创下托福满分（677分）及GRE宇汇部分（720分）世界纪录的惊人成就。\n旋老师投入英语教学多年，深入了解中文读者学习英语的困难。为了帮助华人英文学习者学好英文，特别设计出一系列《深入浅出》、《只要理解，不要公式》的单元，如《语法俱乐部》、《时代经典用宇》、《字源大挪移》、《修辞高峰会》等。在《解读时代杂志》连载，与读者分享他的学习方法及心得。\n《语法俱乐部》在《解读时代杂志》连载近两年期间，不断接获读者询问集结出书时间，及要求专栏附上学习成果评讲。\n旋元佑老师为了帮助读者在文法学习的路上走得更轻松更稳健，特别增添453组测验及详细解说，使读者可无师自通。\n读者在自习过程中遇到任何疑问，旋老师非常乐意为各位解答，欢迎来信、传真、E－mail至经典传讯，由读者服务部代为处理。\n', '九州出版社', 35.00, '', 0, 3, 'https://img3.doubanio.com/view/subject/m/public/s26368880.jpg', '9787801146274', '2001-5', 440, '平装', '9.5', '2174');
INSERT INTO `book` VALUES (99, 'Z3748249', '把你的英语用起来！', '把你的英语用起来！', '伍君仪', '伍君仪\n资深媒体人。北京大学应用心理学硕士、临床医学学士，英语六级优秀、GRE1440+5。教你读懂英文原著，让英语成为你听说读写的working language。2007年开始在新浪博客分享自创“透析英语学习法”，分享阅读英文原著的经验和体会。有不少学生和职场人士使用其方法，增强英语能力。同时，他本人平时透析各类英文原著，积累了大量的英语学习资源。\n刘晓光（恶魔的奶爸）\n任职于上海某家猎头公司，兴趣爱好在于成人英语的教学和自学法研究，在豆瓣网创建“恶魔奶爸的英语教室”，颇受好评！其人提倡不以考试为目的的切实英语学习法。通过对英语播讲类材料的听、语音模仿、写作练习、阅读练习来达到真正能把英语作为一个语言工具使用的目的。其个人的学习方法的另一特点：不死记硬背，不提倡死背单词书，通过对心智的研究，琢磨出一条循序渐进，逐步升级的英文自学道路，坚决摒弃那种传统中把学习和痛苦煎熬等同的方法！', '外文出版社', 36.00, '《 把你的英语用起来！》\n——透析法读原著，原地复活你放下多年的英语！\n本书彻底解救一直想学英语，但从来没有坚持下来的人！\n《把你的英语用起来！》这本书学习方法的理论基础是来自美国南加州大学的教授Dr Krashen的二语习得理论。\n看完《把你的英语用起来！》，你会觉得英语学习不再是一件痛苦的事情！\n把你手中的词汇书扔掉！！！！！\n用透析法，100本畅销经典的英文原著，你现在就都读得懂！\n选择比自己的英文水平略高的学习资料！\n每天省下看电视剧的时间，就可以彻底搞定英语！\n边学边用，越学越有成就感！\n每天2小时，你的英语水平就在阅读中飞速提高！《把你的英语用起来！》\n', 1, 3, 'https://img3.doubanio.com/view/subject/m/public/s26696783.jpg', '9787119083292', '2013-6', 272, '平装', '8.3', '7396');
INSERT INTO `book` VALUES (100, 'Z1092253', '英语词汇的奥秘', '英语词汇的奥秘', '蒋争', '', '中国国际广播出版社', 20.00, '《英语词汇的奥秘》一书自1986年问世以来，累计销售已达80余万册。\n无论是阅读还是写作，都必须要掌握一定的词汇；而如何更快的通过“词汇关”就成为许多同学颇为头疼的问题。本书将“词根”作为词汇的核心内容加以详述，列举了大量常用词根和词组，通过这些词根，可以快速有效地记忆大量单词，由点及面，达到事半功倍的效果。', 0, 3, 'https://img3.doubanio.com/view/subject/m/public/s2184276.jpg', '9787507818031', '2000-1', 402, '平装', '8.4', '1496');
INSERT INTO `book` VALUES (101, 'Z4201319', '美语音标', '美语音标', '赖世雄', '赖世雄，教授是闻名海峡两岸的英语教学专家，先后获得美国明尼苏达大学大众传播与英语教学双硕士学位。担任托福专任讲师十八年，也是托福成绩满分纪录保持人之一。曾任上海夏旦大学及大连外国语学院客座教授。现任常春藤解析英语杂志社社长，著有英语升学、进修、生活英语丛书共计两百余种，并担任十多家电台英语教学节目广播主讲。\n1993年赖世雄教授开始担任中央人民广播电台英语教学节目主播，时间长达十二年，教学方式风趣幽默、深入浅出、平易近人，深受广大听众的推崇。2003年赖教授经由《中国图书商报》评选为中国英语教学十大名师之一。2004年至今担任北京市政府主办英语活动之主讲教授。\n赖教授深入研究英语教学，对广大英语学习者的需求有极为透彻的了解，长期以来受邀至各地演讲，不遗余力地传授读者英语学习的经验。', '外文出版社', 20.00, '《赖世雄美语音标》为赖世雄“美语从头学”系列丛书之一。赖老师在编写《赖世雄美语音标》时参考了国外一些同类发音书籍的编排，整个内容也是老师个人几十年来学习发音的心得，尽量用浅显的用语，希望读者全凭自修就可看的懂。《赖世雄美语音标》详细的讲解了26个英语字母的发音规则，对24个美语元音音标、26个辅音音标的发音技巧以及美语中各种连音的发音规则也进行了透彻入理的讲解。全书采用美式KK音标，每个音标讲解都配有详细的文字说明、口型示意图并配有MP3示范朗读和语音讲解。除此之外，每个节均有对相似音标进行详细的辨音解读。', 0, 3, 'https://img3.doubanio.com/view/subject/m/public/s6107711.jpg', '9787119061207', '2010-1', 126, '平装', '9.6', '1811');
INSERT INTO `book` VALUES (102, 'Z7059664', '考拉小巫的英语学习日记', '考拉小巫的英语学习日记', '考拉小巫', '考拉小巫\n中国新生代英语学习偶像，英语学习第一品牌人物，开启中国英语学习一代新风。\n美国圣路易斯华盛顿大学（WUSTL）硕士毕业，临床心理咨询师，伊甸园字幕组前任影组组长，参与字幕制作的电影和美剧包括《越狱》、《当幸福来敲门》、《憨豆先生的假期》、《加勒比海盗3》等。\n其所著作品《考拉小巫的英语学习日记：写给为梦想而奋斗的人》销量达百万册，被无数英语学习者称为“英语学习之必备神器”。\n微博：@考拉小巫\n微信公众号：考拉小巫（kaolaxiaowu＿joy）\n个人网站：http://kaolaxiaowu.com/', '中国青年出版社', 25.00, '《考拉小巫的英语学习日记:写给为梦想而奋斗的人》的出版是献给考拉小巫粉丝以及所有英语学习爱好者的一份礼物。在《考拉小巫的英语学习日记:写给为梦想而奋斗的人》里，考拉小巫分享了她人生中各个阶段学习英语的所有方法途径及心得体会，和她为了从根本上提高英语听、说、读、写、译能力所做的一切失败和成功的尝试及努力，以及她考过的所有英语考试的备考方案、计划安排、所用书籍及资料，书后附录中还有作者总结的英语学习资料及资源推荐。\n除了分享英语学习方法外，考拉小巫还分享了她与伊甸园字幕组的亲密接触、她被全美专业排名第一的美国名校录取的成功申请经验、她在美国的求学生活以及在美语环境中关于英语学习的新思考和新感悟……\n这不仅仅是一部英语学习日记，更是一本她在彷徨、动摇和无助时的人生感悟，是关于坚持、奋斗和梦想的碎碎念，是关于她一路走来对所有的所学所得和所思所想的沉淀。从《考拉小巫的英语学习日记:写给为梦想而奋斗的人》的叙述不难看出她对梦想和奋斗的崇尚，相信这本励志书一定能激发你去为理想奋斗和拼搏。\n英语怎么学，考拉小巫告诉你：单词就得这么背；听力是这样练成的；关于“看电影，学英语”；圆满的托福，圆满的2007；十天挑战GRE单词；GRE作文5.5之浓缩心得：“写”就一个字。', 0, 3, 'https://img3.doubanio.com/view/subject/m/public/s7653652.jpg', '9787515303505', '2012-1', 224, '平装', '8.1', '10405');
INSERT INTO `book` VALUES (103, 'Z1803507', '17天搞定GRE单词', '17天搞定GRE单词', '杨鹏', '', '西安交通大学出版社', 10.00, '《新东方•17天搞定GRE单词》讨论的核心问题是如何从记忆学的规律出发，以适当的记忆标准，用科学合理的记忆周期和严密的统筹安排来制定一个背单词的时间表，之后以坚定的决心和顽强的毅力来完成这个计划，获得阶段性的成功，拿到开启考试胜利之门的一把“金钥匙”，树立最终攻克该考试的强大信心。从这个角度而言，本书适合一切苦于难以在较短的周期内背下大量单词的英语学习者。', 0, 3, 'https://img3.doubanio.com/view/subject/m/public/s5759730.jpg', '9787560521541', '2006-3', 125, '平装', '8.2', '2883');
INSERT INTO `book` VALUES (104, 'Z1014917', '英语魔法师之语法俱乐部', '英语魔法师之语法俱乐部', '旋元佑', '旋元佑\nTIME中文解读版《解读时代杂志》总主笔。第一名考上台大外文研究所，分数几乎是第二名的2倍。\n旋元佑老师在台湾完成所有教育，从未出洋留学，但他对外国语文特殊的学习方法，却创下托福满分（677分）及GRE宇汇部分（720分）世界纪录的惊人成就。\n旋老师投入英语教学多年，深入了解中文读者学习英语的困难。为了帮助华人英文学习者学好英文，特别设计出一系列《深入浅出》、《只要理解，不要公式》的单元，如《语法俱乐部》、《时代经典用宇》、《字源大挪移》、《修辞高峰会》等。在《解读时代杂志》连载，与读者分享他的学习方法及心得。\n《语法俱乐部》在《解读时代杂志》连载近两年期间，不断接获读者询问集结出书时间，及要求专栏附上学习成果评讲。\n旋元佑老师为了帮助读者在文法学习的路上走得更轻松更稳健，特别增添453组测验及详细解说，使读者可无师自通。\n读者在自习过程中遇到任何疑问，旋老师非常乐意为各位解答，欢迎来信、传真、E－mail至经典传讯，由读者服务部代为处理。\n', '九州出版社', 35.00, '', 0, 3, 'https://img3.doubanio.com/view/subject/m/public/s26368880.jpg', '9787801146274', '2001-5', 440, '平装', '9.5', '2174');
INSERT INTO `book` VALUES (105, 'Z3748250', '把你的英语用起来！', '把你的英语用起来！', '伍君仪', '伍君仪\n资深媒体人。北京大学应用心理学硕士、临床医学学士，英语六级优秀、GRE1440+5。教你读懂英文原著，让英语成为你听说读写的working language。2007年开始在新浪博客分享自创“透析英语学习法”，分享阅读英文原著的经验和体会。有不少学生和职场人士使用其方法，增强英语能力。同时，他本人平时透析各类英文原著，积累了大量的英语学习资源。\n刘晓光（恶魔的奶爸）\n任职于上海某家猎头公司，兴趣爱好在于成人英语的教学和自学法研究，在豆瓣网创建“恶魔奶爸的英语教室”，颇受好评！其人提倡不以考试为目的的切实英语学习法。通过对英语播讲类材料的听、语音模仿、写作练习、阅读练习来达到真正能把英语作为一个语言工具使用的目的。其个人的学习方法的另一特点：不死记硬背，不提倡死背单词书，通过对心智的研究，琢磨出一条循序渐进，逐步升级的英文自学道路，坚决摒弃那种传统中把学习和痛苦煎熬等同的方法！', '外文出版社', 36.00, '《 把你的英语用起来！》\n——透析法读原著，原地复活你放下多年的英语！\n本书彻底解救一直想学英语，但从来没有坚持下来的人！\n《把你的英语用起来！》这本书学习方法的理论基础是来自美国南加州大学的教授Dr Krashen的二语习得理论。\n看完《把你的英语用起来！》，你会觉得英语学习不再是一件痛苦的事情！\n把你手中的词汇书扔掉！！！！！\n用透析法，100本畅销经典的英文原著，你现在就都读得懂！\n选择比自己的英文水平略高的学习资料！\n每天省下看电视剧的时间，就可以彻底搞定英语！\n边学边用，越学越有成就感！\n每天2小时，你的英语水平就在阅读中飞速提高！《把你的英语用起来！》\n', 1, 3, 'https://img3.doubanio.com/view/subject/m/public/s26696783.jpg', '9787119083292', '2013-6', 272, '平装', '8.3', '7396');
INSERT INTO `book` VALUES (106, 'Z4201320', '美语音标', '美语音标', '赖世雄', '赖世雄，教授是闻名海峡两岸的英语教学专家，先后获得美国明尼苏达大学大众传播与英语教学双硕士学位。担任托福专任讲师十八年，也是托福成绩满分纪录保持人之一。曾任上海夏旦大学及大连外国语学院客座教授。现任常春藤解析英语杂志社社长，著有英语升学、进修、生活英语丛书共计两百余种，并担任十多家电台英语教学节目广播主讲。\n1993年赖世雄教授开始担任中央人民广播电台英语教学节目主播，时间长达十二年，教学方式风趣幽默、深入浅出、平易近人，深受广大听众的推崇。2003年赖教授经由《中国图书商报》评选为中国英语教学十大名师之一。2004年至今担任北京市政府主办英语活动之主讲教授。\n赖教授深入研究英语教学，对广大英语学习者的需求有极为透彻的了解，长期以来受邀至各地演讲，不遗余力地传授读者英语学习的经验。', '外文出版社', 20.00, '《赖世雄美语音标》为赖世雄“美语从头学”系列丛书之一。赖老师在编写《赖世雄美语音标》时参考了国外一些同类发音书籍的编排，整个内容也是老师个人几十年来学习发音的心得，尽量用浅显的用语，希望读者全凭自修就可看的懂。《赖世雄美语音标》详细的讲解了26个英语字母的发音规则，对24个美语元音音标、26个辅音音标的发音技巧以及美语中各种连音的发音规则也进行了透彻入理的讲解。全书采用美式KK音标，每个音标讲解都配有详细的文字说明、口型示意图并配有MP3示范朗读和语音讲解。除此之外，每个节均有对相似音标进行详细的辨音解读。', 0, 3, 'https://img3.doubanio.com/view/subject/m/public/s6107711.jpg', '9787119061207', '2010-1', 126, '平装', '9.6', '1811');
INSERT INTO `book` VALUES (107, 'Z7059665', '考拉小巫的英语学习日记', '考拉小巫的英语学习日记', '考拉小巫', '考拉小巫\n中国新生代英语学习偶像，英语学习第一品牌人物，开启中国英语学习一代新风。\n美国圣路易斯华盛顿大学（WUSTL）硕士毕业，临床心理咨询师，伊甸园字幕组前任影组组长，参与字幕制作的电影和美剧包括《越狱》、《当幸福来敲门》、《憨豆先生的假期》、《加勒比海盗3》等。\n其所著作品《考拉小巫的英语学习日记：写给为梦想而奋斗的人》销量达百万册，被无数英语学习者称为“英语学习之必备神器”。\n微博：@考拉小巫\n微信公众号：考拉小巫（kaolaxiaowu＿joy）\n个人网站：http://kaolaxiaowu.com/', '中国青年出版社', 25.00, '《考拉小巫的英语学习日记:写给为梦想而奋斗的人》的出版是献给考拉小巫粉丝以及所有英语学习爱好者的一份礼物。在《考拉小巫的英语学习日记:写给为梦想而奋斗的人》里，考拉小巫分享了她人生中各个阶段学习英语的所有方法途径及心得体会，和她为了从根本上提高英语听、说、读、写、译能力所做的一切失败和成功的尝试及努力，以及她考过的所有英语考试的备考方案、计划安排、所用书籍及资料，书后附录中还有作者总结的英语学习资料及资源推荐。\n除了分享英语学习方法外，考拉小巫还分享了她与伊甸园字幕组的亲密接触、她被全美专业排名第一的美国名校录取的成功申请经验、她在美国的求学生活以及在美语环境中关于英语学习的新思考和新感悟……\n这不仅仅是一部英语学习日记，更是一本她在彷徨、动摇和无助时的人生感悟，是关于坚持、奋斗和梦想的碎碎念，是关于她一路走来对所有的所学所得和所思所想的沉淀。从《考拉小巫的英语学习日记:写给为梦想而奋斗的人》的叙述不难看出她对梦想和奋斗的崇尚，相信这本励志书一定能激发你去为理想奋斗和拼搏。\n英语怎么学，考拉小巫告诉你：单词就得这么背；听力是这样练成的；关于“看电影，学英语”；圆满的托福，圆满的2007；十天挑战GRE单词；GRE作文5.5之浓缩心得：“写”就一个字。', 0, 3, 'https://img3.doubanio.com/view/subject/m/public/s7653652.jpg', '9787515303505', '2012-1', 224, '平装', '8.1', '10405');
INSERT INTO `book` VALUES (108, 'Z1092254', '英语词汇的奥秘', '英语词汇的奥秘', '蒋争', '', '中国国际广播出版社', 20.00, '《英语词汇的奥秘》一书自1986年问世以来，累计销售已达80余万册。\n无论是阅读还是写作，都必须要掌握一定的词汇；而如何更快的通过“词汇关”就成为许多同学颇为头疼的问题。本书将“词根”作为词汇的核心内容加以详述，列举了大量常用词根和词组，通过这些词根，可以快速有效地记忆大量单词，由点及面，达到事半功倍的效果。', 0, 3, 'https://img3.doubanio.com/view/subject/m/public/s2184276.jpg', '9787507818031', '2000-1', 402, '平装', '8.4', '1496');
INSERT INTO `book` VALUES (109, 'Z4720476', '英语阅读参考手册', '英语阅读参考手册', '叶永昌', '叶永昌，1932年出生，上海人。中共党员，天津大学外语系教授，曾任中国英汉语比较研究会学术顾问、中国翻译工作者协会理事和天津市翻译工作者协会副会长。享受国务院颁发的政府特殊津贴。\n著作（编著）32本，1000余万字。其中《科技英语阅读手册》（本书前身）发行逾130万册，《形象•联想•学英语》录制电视讲座40讲。获奖研究/教学成果“英语形象联想教学法”、 “英语名词作前置定语的新发展——夹带介词短语的名词性司组作前置定语”等。', '电子工业出版社', 29.80, '本书以英语关联词和常用词为引子，综合讨论它们的多种语法功能和搭配用法，并配有大量实例，便于读者扎实地理解和掌握。\n可供大学、中学师生及广大英语爱好者阅读英语材料和学习英语时参考，也可供参加高考英语、大学英语四六级考试、研究生入学英语考试、托福考试的考生备考时学习。', 0, 3, 'https://img3.doubanio.com/view/subject/m/public/s4241556.jpg', '9787121105258', '2010年4月', 416, '平装', '9.0', '557');
INSERT INTO `book` VALUES (110, 'Z1229823', '中式英语之鉴', 'The Translator’s Guide to Chinglish', 'Joan Pinkham', '', '外语教学与研究出版社', 22.90, '《北京外国语大学硕士研究生考试指定参考用书:中式英语之鉴》十分系统地探讨了中式英语这一非常普遍的现象。作者把这些加以归类，然后提供大量的该类别中式英语实例，并逐一修改，同时还扼要地加以分析。每一章后面还附有练习，并提供参考答案。对于中国的英语学习者和广大汉译英工作者来说，这是一本很有参考价值的书。', 0, 3, 'https://img3.doubanio.com/view/subject/m/public/s8476196.jpg', '9787560015590', '2000-5', 561, 'Paperback', '8.8', '1350');
INSERT INTO `book` VALUES (111, 'Z4720477', '英语阅读参考手册', '英语阅读参考手册', '叶永昌', '叶永昌，1932年出生，上海人。中共党员，天津大学外语系教授，曾任中国英汉语比较研究会学术顾问、中国翻译工作者协会理事和天津市翻译工作者协会副会长。享受国务院颁发的政府特殊津贴。\n著作（编著）32本，1000余万字。其中《科技英语阅读手册》（本书前身）发行逾130万册，《形象•联想•学英语》录制电视讲座40讲。获奖研究/教学成果“英语形象联想教学法”、 “英语名词作前置定语的新发展——夹带介词短语的名词性司组作前置定语”等。', '电子工业出版社', 29.80, '本书以英语关联词和常用词为引子，综合讨论它们的多种语法功能和搭配用法，并配有大量实例，便于读者扎实地理解和掌握。\n可供大学、中学师生及广大英语爱好者阅读英语材料和学习英语时参考，也可供参加高考英语、大学英语四六级考试、研究生入学英语考试、托福考试的考生备考时学习。', 0, 3, 'https://img3.doubanio.com/view/subject/m/public/s4241556.jpg', '9787121105258', '2010年4月', 416, '平装', '9.0', '557');
INSERT INTO `book` VALUES (112, 'Z1390935', 'GRE词汇精选', 'GRE词汇精选', '俞敏洪', '俞敏洪，生于江苏江阴，新东方教育集团董事长。1993年创办北京新东方学校。', '群言出版社', 58.00, '《GRE词汇精选》详细解释了每一个重要词汇的记忆方法，除词根、词缀记忆法外，分析联想记忆法、发音记忆法也都是本书的特色，枯燥的记忆由此变成了生动的游戏。分类处理：打上*号的单词都是GRE类比、反义词中考过的重要单词，没有*的单词为填空和单词。没有把类比题的考试题型放到单词后面，请考生掌握单词后，以实际做题的方式掌握做类比题的技巧。', 0, 3, 'https://img1.doubanio.com/view/subject/m/public/s2362109.jpg', '9787800804908', '2008-9', 580, '平装', '8.8', '4505');
INSERT INTO `book` VALUES (113, 'Z1229824', '中式英语之鉴', 'The Translator’s Guide to Chinglish', 'Joan Pinkham', '', '外语教学与研究出版社', 22.90, '《北京外国语大学硕士研究生考试指定参考用书:中式英语之鉴》十分系统地探讨了中式英语这一非常普遍的现象。作者把这些加以归类，然后提供大量的该类别中式英语实例，并逐一修改，同时还扼要地加以分析。每一章后面还附有练习，并提供参考答案。对于中国的英语学习者和广大汉译英工作者来说，这是一本很有参考价值的书。', 0, 3, 'https://img3.doubanio.com/view/subject/m/public/s8476196.jpg', '9787560015590', '2000-5', 561, 'Paperback', '8.8', '1350');
INSERT INTO `book` VALUES (114, 'Z3002767', '英语词根与单词的说文解字', '英语词根与单词的说文解字', '李平武', '李平武，长期坚持英语词汇学、词典学和翻译学的研究工作，在英语词素研究方面处于国内外领先地位，至今发表专著、编著、译著及论文300多万字。\n主要代表作为《英语词根与英语单词的说文解字》与《英语词缀与英语派生词》。\n曾获福建省优秀教育工作者、全国先进教师等荣誉，1993起享受国务院颁发的“突出贡献专家”特殊津贴。', '外语教学与研究出版社', 18.90, '《英语词根与单词的说文解字(修订版)》分三大部分，在介绍基本的词根理论的基础上，对常用的英语词根及其衍生词进行了讲解，并配以例句，每部分后还设计了练习。与初版相比，再版在以下两个方面有所提高和突破：一、在词根理论方面加强了科学性与系统性，增强了学术含量；二、在词根的选择和介绍、例句的内容以及练习的设计等方面更加注重其适用性和实用性。该书系国内少有的集理论性和实用性为一体的词根专著，适合高级程度的读者从事英语词汇学习与研究使用。', 0, 3, 'https://img3.doubanio.com/view/subject/m/public/s23509692.jpg', '9787560071855', '2008-1', 452, '平装', '9.4', '715');
INSERT INTO `book` VALUES (115, 'Z1039390', '新概念英语（3）', '新概念英语（3）', '亚历山大', '亚历山大（L.G.Alexander），世界著名的英语教学权威，曾任欧洲现代语言教学委员会理事。其著作为交际教学法奠定基础，其中一些如NCE和Follow Me己成经典教材。\n    何其莘博士，北京外国语大学教授，博士生导师。1994年-2005年任北外副校长，现为中国人民大学外国语学院院长、清华大学双聘教授、广东外语外贸大学等29所院校的客座教授、教育部高校英语专业教学指导委员会主任、全国翻译硕士专业学位教育指导委员会副主任、全国英国文学学会会长、全国有突出贡献的中青年专家。主要成果包括：Listen to This，《新概念英语》、《文化透视英语教程》、《英国文艺复兴时期文学史》、《英国戏剧史》、《英国中古时期文学史》，《中国学者眼中的英国文学》等。', '外语教学与研究出版社', 18.90, '本书分3个单元，前两个单元各有一份摸底测验。每一单元有20篇课文，长度和难度逐渐加大。每一单元前都有学生须知和实例示范。每篇课文均为多功能课文，可用来对学生进行下列训练：听力理解、口头练习、朗读、讲故事、口头发挥练习、听写、理解、摘要写作、作文和语法。本书适合已经学完中级以下水平综合教材《实践与进步》或任何中级以下教程的成年人或中学生。\n', 0, 3, 'https://img3.doubanio.com/view/subject/m/public/s1072510.jpg', '9787560013480', '1997-10', 273, '平装', '9.0', '4167');
INSERT INTO `book` VALUES (116, 'Z1390936', 'GRE词汇精选', 'GRE词汇精选', '俞敏洪', '俞敏洪，生于江苏江阴，新东方教育集团董事长。1993年创办北京新东方学校。', '群言出版社', 58.00, '《GRE词汇精选》详细解释了每一个重要词汇的记忆方法，除词根、词缀记忆法外，分析联想记忆法、发音记忆法也都是本书的特色，枯燥的记忆由此变成了生动的游戏。分类处理：打上*号的单词都是GRE类比、反义词中考过的重要单词，没有*的单词为填空和单词。没有把类比题的考试题型放到单词后面，请考生掌握单词后，以实际做题的方式掌握做类比题的技巧。', 0, 3, 'https://img1.doubanio.com/view/subject/m/public/s2362109.jpg', '9787800804908', '2008-9', 580, '平装', '8.8', '4505');
INSERT INTO `book` VALUES (117, 'Z1229825', '中式英语之鉴', 'The Translator’s Guide to Chinglish', 'Joan Pinkham', '', '外语教学与研究出版社', 22.90, '《北京外国语大学硕士研究生考试指定参考用书:中式英语之鉴》十分系统地探讨了中式英语这一非常普遍的现象。作者把这些加以归类，然后提供大量的该类别中式英语实例，并逐一修改，同时还扼要地加以分析。每一章后面还附有练习，并提供参考答案。对于中国的英语学习者和广大汉译英工作者来说，这是一本很有参考价值的书。', 0, 3, 'https://img3.doubanio.com/view/subject/m/public/s8476196.jpg', '9787560015590', '2000-5', 561, 'Paperback', '8.8', '1350');
INSERT INTO `book` VALUES (118, 'Z4720478', '英语阅读参考手册', '英语阅读参考手册', '叶永昌', '叶永昌，1932年出生，上海人。中共党员，天津大学外语系教授，曾任中国英汉语比较研究会学术顾问、中国翻译工作者协会理事和天津市翻译工作者协会副会长。享受国务院颁发的政府特殊津贴。\n著作（编著）32本，1000余万字。其中《科技英语阅读手册》（本书前身）发行逾130万册，《形象•联想•学英语》录制电视讲座40讲。获奖研究/教学成果“英语形象联想教学法”、 “英语名词作前置定语的新发展——夹带介词短语的名词性司组作前置定语”等。', '电子工业出版社', 29.80, '本书以英语关联词和常用词为引子，综合讨论它们的多种语法功能和搭配用法，并配有大量实例，便于读者扎实地理解和掌握。\n可供大学、中学师生及广大英语爱好者阅读英语材料和学习英语时参考，也可供参加高考英语、大学英语四六级考试、研究生入学英语考试、托福考试的考生备考时学习。', 0, 3, 'https://img3.doubanio.com/view/subject/m/public/s4241556.jpg', '9787121105258', '2010年4月', 416, '平装', '9.0', '557');
INSERT INTO `book` VALUES (119, 'Z3002768', '英语词根与单词的说文解字', '英语词根与单词的说文解字', '李平武', '李平武，长期坚持英语词汇学、词典学和翻译学的研究工作，在英语词素研究方面处于国内外领先地位，至今发表专著、编著、译著及论文300多万字。\n主要代表作为《英语词根与英语单词的说文解字》与《英语词缀与英语派生词》。\n曾获福建省优秀教育工作者、全国先进教师等荣誉，1993起享受国务院颁发的“突出贡献专家”特殊津贴。', '外语教学与研究出版社', 18.90, '《英语词根与单词的说文解字(修订版)》分三大部分，在介绍基本的词根理论的基础上，对常用的英语词根及其衍生词进行了讲解，并配以例句，每部分后还设计了练习。与初版相比，再版在以下两个方面有所提高和突破：一、在词根理论方面加强了科学性与系统性，增强了学术含量；二、在词根的选择和介绍、例句的内容以及练习的设计等方面更加注重其适用性和实用性。该书系国内少有的集理论性和实用性为一体的词根专著，适合高级程度的读者从事英语词汇学习与研究使用。', 0, 3, 'https://img3.doubanio.com/view/subject/m/public/s23509692.jpg', '9787560071855', '2008-1', 452, '平装', '9.4', '715');
INSERT INTO `book` VALUES (120, 'Z5038845', '英语常用词疑难用法手册', '英语常用词疑难用法手册', '陈用仪', '', '浙江大学出版社', 78.00, '《英语常用词疑难用法手册》所选择的材料和分析重点，就是英语一些最常用的单词和词组越是常用，问题就越多，研究的天地就越广阔，得出的结果也就越实用），着重探讨其中最应该引起注意（特别是最应该引起中国人注意）的内容，尤其是乍看起来有点“别扭”的内容。', 0, 3, 'https://img1.doubanio.com/view/subject/m/public/s6207668.jpg', '9787308075923', '2010-6', 903, '平装', '9.6', '312');
INSERT INTO `book` VALUES (121, 'Z1390937', 'GRE词汇精选', 'GRE词汇精选', '俞敏洪', '俞敏洪，生于江苏江阴，新东方教育集团董事长。1993年创办北京新东方学校。', '群言出版社', 58.00, '《GRE词汇精选》详细解释了每一个重要词汇的记忆方法，除词根、词缀记忆法外，分析联想记忆法、发音记忆法也都是本书的特色，枯燥的记忆由此变成了生动的游戏。分类处理：打上*号的单词都是GRE类比、反义词中考过的重要单词，没有*的单词为填空和单词。没有把类比题的考试题型放到单词后面，请考生掌握单词后，以实际做题的方式掌握做类比题的技巧。', 0, 3, 'https://img1.doubanio.com/view/subject/m/public/s2362109.jpg', '9787800804908', '2008-9', 580, '平装', '8.8', '4505');
INSERT INTO `book` VALUES (122, 'Z1039391', '新概念英语（3）', '新概念英语（3）', '亚历山大', '亚历山大（L.G.Alexander），世界著名的英语教学权威，曾任欧洲现代语言教学委员会理事。其著作为交际教学法奠定基础，其中一些如NCE和Follow Me己成经典教材。\n    何其莘博士，北京外国语大学教授，博士生导师。1994年-2005年任北外副校长，现为中国人民大学外国语学院院长、清华大学双聘教授、广东外语外贸大学等29所院校的客座教授、教育部高校英语专业教学指导委员会主任、全国翻译硕士专业学位教育指导委员会副主任、全国英国文学学会会长、全国有突出贡献的中青年专家。主要成果包括：Listen to This，《新概念英语》、《文化透视英语教程》、《英国文艺复兴时期文学史》、《英国戏剧史》、《英国中古时期文学史》，《中国学者眼中的英国文学》等。', '外语教学与研究出版社', 18.90, '本书分3个单元，前两个单元各有一份摸底测验。每一单元有20篇课文，长度和难度逐渐加大。每一单元前都有学生须知和实例示范。每篇课文均为多功能课文，可用来对学生进行下列训练：听力理解、口头练习、朗读、讲故事、口头发挥练习、听写、理解、摘要写作、作文和语法。本书适合已经学完中级以下水平综合教材《实践与进步》或任何中级以下教程的成年人或中学生。\n', 0, 3, 'https://img3.doubanio.com/view/subject/m/public/s1072510.jpg', '9787560013480', '1997-10', 273, '平装', '9.0', '4167');
INSERT INTO `book` VALUES (123, 'Z5038846', '英语常用词疑难用法手册', '英语常用词疑难用法手册', '陈用仪', '', '浙江大学出版社', 78.00, '《英语常用词疑难用法手册》所选择的材料和分析重点，就是英语一些最常用的单词和词组越是常用，问题就越多，研究的天地就越广阔，得出的结果也就越实用），着重探讨其中最应该引起注意（特别是最应该引起中国人注意）的内容，尤其是乍看起来有点“别扭”的内容。', 0, 3, 'https://img1.doubanio.com/view/subject/m/public/s6207668.jpg', '9787308075923', '2010-6', 903, '平装', '9.6', '312');
INSERT INTO `book` VALUES (124, 'Z3002769', '英语词根与单词的说文解字', '英语词根与单词的说文解字', '李平武', '李平武，长期坚持英语词汇学、词典学和翻译学的研究工作，在英语词素研究方面处于国内外领先地位，至今发表专著、编著、译著及论文300多万字。\n主要代表作为《英语词根与英语单词的说文解字》与《英语词缀与英语派生词》。\n曾获福建省优秀教育工作者、全国先进教师等荣誉，1993起享受国务院颁发的“突出贡献专家”特殊津贴。', '外语教学与研究出版社', 18.90, '《英语词根与单词的说文解字(修订版)》分三大部分，在介绍基本的词根理论的基础上，对常用的英语词根及其衍生词进行了讲解，并配以例句，每部分后还设计了练习。与初版相比，再版在以下两个方面有所提高和突破：一、在词根理论方面加强了科学性与系统性，增强了学术含量；二、在词根的选择和介绍、例句的内容以及练习的设计等方面更加注重其适用性和实用性。该书系国内少有的集理论性和实用性为一体的词根专著，适合高级程度的读者从事英语词汇学习与研究使用。', 0, 3, 'https://img3.doubanio.com/view/subject/m/public/s23509692.jpg', '9787560071855', '2008-1', 452, '平装', '9.4', '715');
INSERT INTO `book` VALUES (125, 'Z1039392', '新概念英语（3）', '新概念英语（3）', '亚历山大', '亚历山大（L.G.Alexander），世界著名的英语教学权威，曾任欧洲现代语言教学委员会理事。其著作为交际教学法奠定基础，其中一些如NCE和Follow Me己成经典教材。\n    何其莘博士，北京外国语大学教授，博士生导师。1994年-2005年任北外副校长，现为中国人民大学外国语学院院长、清华大学双聘教授、广东外语外贸大学等29所院校的客座教授、教育部高校英语专业教学指导委员会主任、全国翻译硕士专业学位教育指导委员会副主任、全国英国文学学会会长、全国有突出贡献的中青年专家。主要成果包括：Listen to This，《新概念英语》、《文化透视英语教程》、《英国文艺复兴时期文学史》、《英国戏剧史》、《英国中古时期文学史》，《中国学者眼中的英国文学》等。', '外语教学与研究出版社', 18.90, '本书分3个单元，前两个单元各有一份摸底测验。每一单元有20篇课文，长度和难度逐渐加大。每一单元前都有学生须知和实例示范。每篇课文均为多功能课文，可用来对学生进行下列训练：听力理解、口头练习、朗读、讲故事、口头发挥练习、听写、理解、摘要写作、作文和语法。本书适合已经学完中级以下水平综合教材《实践与进步》或任何中级以下教程的成年人或中学生。\n', 0, 3, 'https://img3.doubanio.com/view/subject/m/public/s1072510.jpg', '9787560013480', '1997-10', 273, '平装', '9.0', '4167');
INSERT INTO `book` VALUES (126, 'Z5038847', '英语常用词疑难用法手册', '英语常用词疑难用法手册', '陈用仪', '', '浙江大学出版社', 78.00, '《英语常用词疑难用法手册》所选择的材料和分析重点，就是英语一些最常用的单词和词组越是常用，问题就越多，研究的天地就越广阔，得出的结果也就越实用），着重探讨其中最应该引起注意（特别是最应该引起中国人注意）的内容，尤其是乍看起来有点“别扭”的内容。', 0, 3, 'https://img1.doubanio.com/view/subject/m/public/s6207668.jpg', '9787308075923', '2010-6', 903, '平装', '9.6', '312');

-- ----------------------------
-- Table structure for borrow
-- ----------------------------
DROP TABLE IF EXISTS `borrow`;
CREATE TABLE `borrow`  (
  `id` int(11) NOT NULL AUTO_INCREMENT,
  `user_id` char(13) CHARACTER SET utf8 COLLATE utf8_general_ci NOT NULL,
  `book_id` char(8) CHARACTER SET utf8 COLLATE utf8_general_ci NOT NULL,
  `title` varchar(50) CHARACTER SET utf8 COLLATE utf8_general_ci NOT NULL,
  `borrow_time` datetime(0) NOT NULL,
  `expect_return_time` datetime(0) NOT NULL,
  PRIMARY KEY (`id`) USING BTREE,
  INDEX `borrow_user_id`(`user_id`) USING BTREE,
  INDEX `borrow_book_id`(`book_id`) USING BTREE,
  CONSTRAINT `borrow_book_id` FOREIGN KEY (`book_id`) REFERENCES `book` (`book_id`) ON DELETE RESTRICT ON UPDATE RESTRICT,
  CONSTRAINT `borrow_user_id` FOREIGN KEY (`user_id`) REFERENCES `user` (`username`) ON DELETE RESTRICT ON UPDATE RESTRICT
) ENGINE = InnoDB AUTO_INCREMENT = 18 CHARACTER SET = utf8 COLLATE = utf8_general_ci ROW_FORMAT = Dynamic;

-- ----------------------------
-- Records of borrow
-- ----------------------------
INSERT INTO `borrow` VALUES (10, '123', 'Z3748250', '把你的英语用起来！', '2018-05-17 20:07:05', '2018-06-17 20:07:05');
INSERT INTO `borrow` VALUES (12, '123', 'Z3748249', '把你的英语用起来！', '2018-05-17 02:42:39', '2018-06-17 02:42:39');
INSERT INTO `borrow` VALUES (13, '123', 'Z1885172', '算法导论（原书第2版）', '2018-05-17 02:45:59', '2018-06-17 02:45:59');
INSERT INTO `borrow` VALUES (15, 'test', 'Z6021441', '黑客与画家', '2018-05-17 09:46:11', '2018-06-17 09:46:11');
INSERT INTO `borrow` VALUES (17, 'test', 'Z3748248', '把你的英语用起来！', '2018-05-18 07:37:15', '2018-06-18 07:37:15');

-- ----------------------------
-- Table structure for return
-- ----------------------------
DROP TABLE IF EXISTS `return`;
CREATE TABLE `return`  (
  `id` int(11) NOT NULL AUTO_INCREMENT,
  `user_id` char(13) CHARACTER SET utf8 COLLATE utf8_general_ci NOT NULL,
  `book_id` char(8) CHARACTER SET utf8 COLLATE utf8_general_ci NOT NULL,
  `title` varchar(50) CHARACTER SET utf8 COLLATE utf8_general_ci NOT NULL,
  `borrow_time` datetime(0) NOT NULL,
  `return_time` datetime(0) NOT NULL,
  PRIMARY KEY (`id`) USING BTREE,
  INDEX `user_id`(`user_id`) USING BTREE,
  INDEX `book_id`(`book_id`) USING BTREE,
  CONSTRAINT `return_book_id` FOREIGN KEY (`book_id`) REFERENCES `book` (`book_id`) ON DELETE RESTRICT ON UPDATE RESTRICT,
  CONSTRAINT `return_user_id` FOREIGN KEY (`user_id`) REFERENCES `user` (`username`) ON DELETE RESTRICT ON UPDATE RESTRICT
) ENGINE = InnoDB AUTO_INCREMENT = 10 CHARACTER SET = utf8 COLLATE = utf8_general_ci ROW_FORMAT = Dynamic;

-- ----------------------------
-- Records of return
-- ----------------------------
INSERT INTO `return` VALUES (1, '123', 'Z3748249', '把你的英语用起来！', '2018-05-10 01:18:31', '2018-05-10 01:54:11');
INSERT INTO `return` VALUES (2, '123', 'Z3748248', '把你的英语用起来！', '2018-05-11 02:05:05', '2018-05-11 02:05:30');
INSERT INTO `return` VALUES (3, '123', 'Z3748250', '把你的英语用起来！', '2018-05-12 01:21:46', '2018-05-12 02:28:22');
INSERT INTO `return` VALUES (4, '123', 'Z1885171', '算法导论（原书第2版）', '2018-05-13 01:43:29', '2018-05-13 02:46:15');
INSERT INTO `return` VALUES (5, '123', 'Z6021441', '黑客与画家', '2018-05-15 09:32:09', '2018-05-15 09:33:04');
INSERT INTO `return` VALUES (6, 'test', 'Z1148283', '计算机程序的构造和解释', '2018-05-17 19:29:30', '2018-05-17 19:35:35');
INSERT INTO `return` VALUES (7, 'test', 'Z3748248', '把你的英语用起来！', '2018-05-17 20:07:29', '2018-05-18 07:30:58');
INSERT INTO `return` VALUES (8, 'test', 'Z3748248', '把你的英语用起来！', '2018-05-18 07:31:08', '2018-05-18 07:32:39');
INSERT INTO `return` VALUES (9, '123', 'Z1148283', '计算机程序的构造和解释', '2018-05-18 10:40:49', '2018-05-18 10:41:04');

-- ----------------------------
-- Table structure for sort
-- ----------------------------
DROP TABLE IF EXISTS `sort`;
CREATE TABLE `sort`  (
  `id` int(11) NOT NULL AUTO_INCREMENT,
  `sort_id` int(3) NOT NULL,
  `name` varchar(50) CHARACTER SET utf8 COLLATE utf8_general_ci NOT NULL,
  PRIMARY KEY (`id`) USING BTREE,
  INDEX `sort_id`(`sort_id`) USING BTREE
) ENGINE = InnoDB AUTO_INCREMENT = 6 CHARACTER SET = utf8 COLLATE = utf8_general_ci ROW_FORMAT = Dynamic;

-- ----------------------------
-- Records of sort
-- ----------------------------
INSERT INTO `sort` VALUES (1, 1, '编程');
INSERT INTO `sort` VALUES (2, 2, '小说');
INSERT INTO `sort` VALUES (3, 3, '英语');
INSERT INTO `sort` VALUES (4, 5, '黑客与画家');
INSERT INTO `sort` VALUES (5, 4, 'test1');

-- ----------------------------
-- Table structure for user
-- ----------------------------
DROP TABLE IF EXISTS `user`;
CREATE TABLE `user`  (
  `id` int(11) NOT NULL AUTO_INCREMENT,
  `username` char(13) CHARACTER SET utf8 COLLATE utf8_general_ci NOT NULL,
  `password` varchar(50) CHARACTER SET utf8 COLLATE utf8_general_ci NOT NULL,
  `name` varchar(50) CHARACTER SET utf8 COLLATE utf8_general_ci NOT NULL,
  `age` int(2) NOT NULL,
  `sex` char(10) CHARACTER SET utf8 COLLATE utf8_general_ci NOT NULL,
  `phone` char(11) CHARACTER SET utf8 COLLATE utf8_general_ci NOT NULL,
  `role` int(1) NOT NULL,
  PRIMARY KEY (`id`) USING BTREE,
  INDEX `user_id`(`username`) USING BTREE
) ENGINE = InnoDB AUTO_INCREMENT = 15 CHARACTER SET = utf8 COLLATE = utf8_general_ci ROW_FORMAT = Dynamic;

-- ----------------------------
-- Records of user
-- ----------------------------
INSERT INTO `user` VALUES (1, '123456', 'E10ADC3949BA59ABBE56E057F20F883E', 'admin', 30, '男', '10086', 1);
INSERT INTO `user` VALUES (2, '2014401030114', 'E10ADC3949BA59ABBE56E057F20F883E', '王中文', 23, '男', '18371166684', 0);
INSERT INTO `user` VALUES (3, '2014401030127', '4297F44B13955235245B2497399D7A93', 'Tom', 18, '男', '10010', 0);
INSERT INTO `user` VALUES (4, 'test', 'E10ADC3949BA59ABBE56E057F20F883E', '路人乙', 18, '男', '10010', 0);
INSERT INTO `user` VALUES (5, '123', 'E10ADC3949BA59ABBE56E057F20F883E', 'Gim', 18, '女', '120', 0);
INSERT INTO `user` VALUES (6, 'admin', 'C4CA4238A0B923820DCC509A6F75849B', 'kar', 18, '女', '110', 0);
INSERT INTO `user` VALUES (7, 'test1', '4297F44B13955235245B2497399D7A93', 'Tom', 18, '男', '10011', 0);
INSERT INTO `user` VALUES (8, 'test2', '202CB962AC59075B964B07152D234B70', 'Gina', 22, '女', '114', 0);
INSERT INTO `user` VALUES (9, 'test3', '202CB962AC59075B964B07152D234B70', 'mini', 18, '女', '119', 0);
INSERT INTO `user` VALUES (10, 'test4', '202CB962AC59075B964B07152D234B70', 'kimi', 19, '男', '911', 0);
INSERT INTO `user` VALUES (11, 'test5', '202CB962AC59075B964B07152D234B70', 'awm', 23, '男', '360', 0);
INSERT INTO `user` VALUES (12, 'abc', '202CB962AC59075B964B07152D234B70', 'Tom', 18, '男', '1008611', 0);
INSERT INTO `user` VALUES (13, 'test6', '202CB962AC59075B964B07152D234B70', 'm16', 21, '男', '159', 0);
INSERT INTO `user` VALUES (14, 'wangzhongwen', 'D42F618E07EEEC4A3284B463E5269E6D', 'wangzhongwen', 23, '男', '18271182533', 0);

SET FOREIGN_KEY_CHECKS = 1;
